ISO-10303-21;
HEADER;
/* Generated by software containing ST-Developer
 * from STEP Tools, Inc. (www.steptools.com) 
 */

FILE_DESCRIPTION(
/* description */ (''),
/* implementation_level */ '2;1');

FILE_NAME(
/* name */ 'TLA704_CF_ADAPTER.step',
/* time_stamp */ '2026-10-09T13:41:46+02:00',
/* author */ (''),
/* organization */ (''),
/* preprocessor_version */ 'ST-DEVELOPER v20.2',
/* originating_system */ 'Autodesk Translation Framework v15.15.0.0',
/* authorisation */ '');

FILE_SCHEMA (('AUTOMOTIVE_DESIGN { 1 0 10303 214 3 1 1 }'));
ENDSEC;

DATA;
#10=MECHANICAL_DESIGN_GEOMETRIC_PRESENTATION_REPRESENTATION('',(#13),#2751);
#11=SHAPE_REPRESENTATION_RELATIONSHIP('SRR','None',#2758,#12);
#12=ADVANCED_BREP_SHAPE_REPRESENTATION('',(#14),#2750);
#13=STYLED_ITEM('',(#2767),#14);
#14=MANIFOLD_SOLID_BREP('tla704_cf_adapter',#1407);
#15=(
BOUNDED_SURFACE()
B_SPLINE_SURFACE(2,2,((#2570,#2571,#2572),(#2573,#2574,#2575),(#2576,#2577,
#2578)),.UNSPECIFIED.,.F.,.F.,.F.)
B_SPLINE_SURFACE_WITH_KNOTS((3,3),(3,3),(-1.5707963267949,0.),(-1.5707963267949,
0.),.UNSPECIFIED.)
GEOMETRIC_REPRESENTATION_ITEM()
RATIONAL_B_SPLINE_SURFACE(((1.,0.707106781186548,1.),(0.707106781186547,
0.5,0.707106781186547),(1.,0.707106781186548,1.)))
REPRESENTATION_ITEM('')
SURFACE()
);
#16=(
BOUNDED_SURFACE()
B_SPLINE_SURFACE(2,2,((#2593,#2594,#2595),(#2596,#2597,#2598),(#2599,#2600,
#2601)),.UNSPECIFIED.,.F.,.F.,.F.)
B_SPLINE_SURFACE_WITH_KNOTS((3,3),(3,3),(-1.57079632679492,0.),(0.,1.5707963267949),
 .UNSPECIFIED.)
GEOMETRIC_REPRESENTATION_ITEM()
RATIONAL_B_SPLINE_SURFACE(((1.,0.707106781186548,1.),(0.707106781186557,
0.500000000000007,0.707106781186557),(1.,0.707106781186548,1.)))
REPRESENTATION_ITEM('')
SURFACE()
);
#17=(
BOUNDED_SURFACE()
B_SPLINE_SURFACE(2,2,((#2613,#2614,#2615),(#2616,#2617,#2618),(#2619,#2620,
#2621)),.UNSPECIFIED.,.F.,.F.,.F.)
B_SPLINE_SURFACE_WITH_KNOTS((3,3),(3,3),(-1.5707963267949,0.),(1.5707963267949,
3.14159265358979),.UNSPECIFIED.)
GEOMETRIC_REPRESENTATION_ITEM()
RATIONAL_B_SPLINE_SURFACE(((1.,0.707106781186548,1.),(0.707106781186547,
0.5,0.707106781186547),(1.,0.707106781186548,1.)))
REPRESENTATION_ITEM('')
SURFACE()
);
#18=(
BOUNDED_SURFACE()
B_SPLINE_SURFACE(2,2,((#2633,#2634,#2635),(#2636,#2637,#2638),(#2639,#2640,
#2641)),.UNSPECIFIED.,.F.,.F.,.F.)
B_SPLINE_SURFACE_WITH_KNOTS((3,3),(3,3),(-1.57079632679492,0.),(-3.14159265358979,
-1.5707963267949),.UNSPECIFIED.)
GEOMETRIC_REPRESENTATION_ITEM()
RATIONAL_B_SPLINE_SURFACE(((1.,0.707106781186548,1.),(0.707106781186557,
0.500000000000007,0.707106781186557),(1.,0.707106781186548,1.)))
REPRESENTATION_ITEM('')
SURFACE()
);
#19=FACE_BOUND('',#267,.T.);
#20=FACE_BOUND('',#268,.T.);
#21=FACE_BOUND('',#269,.T.);
#22=FACE_BOUND('',#302,.T.);
#23=FACE_BOUND('',#303,.T.);
#24=FACE_BOUND('',#308,.T.);
#25=FACE_BOUND('',#309,.T.);
#26=FACE_BOUND('',#317,.T.);
#27=FACE_BOUND('',#318,.T.);
#28=CYLINDRICAL_SURFACE('',#1453,2.5);
#29=CYLINDRICAL_SURFACE('',#1461,2.5);
#30=CYLINDRICAL_SURFACE('',#1476,0.6);
#31=CYLINDRICAL_SURFACE('',#1481,0.6);
#32=CYLINDRICAL_SURFACE('',#1486,0.6);
#33=CYLINDRICAL_SURFACE('',#1491,0.6);
#34=CYLINDRICAL_SURFACE('',#1493,0.75);
#35=CYLINDRICAL_SURFACE('',#1496,0.75);
#36=CYLINDRICAL_SURFACE('',#1509,0.75);
#37=CYLINDRICAL_SURFACE('',#1513,1.3);
#38=CYLINDRICAL_SURFACE('',#1517,1.3);
#39=CYLINDRICAL_SURFACE('',#1529,0.75);
#40=CYLINDRICAL_SURFACE('',#1531,1.4);
#41=CYLINDRICAL_SURFACE('',#1533,1.4);
#42=CYLINDRICAL_SURFACE('',#1534,1.4);
#43=CYLINDRICAL_SURFACE('',#1536,1.4);
#44=CONICAL_SURFACE('',#1439,2.7,0.785398163397449);
#45=CONICAL_SURFACE('',#1442,2.7,0.785398163397448);
#46=CONICAL_SURFACE('',#1447,2.7,0.785398163397448);
#47=CONICAL_SURFACE('',#1450,2.7,0.785398163397449);
#48=CONICAL_SURFACE('',#1500,0.950000000000001,0.78539816339745);
#49=CONICAL_SURFACE('',#1503,0.950000000000001,0.78539816339745);
#50=CONICAL_SURFACE('',#1505,0.950000000000001,0.78539816339745);
#51=CONICAL_SURFACE('',#1507,0.950000000000001,0.78539816339745);
#52=CONICAL_SURFACE('',#1511,1.5,0.785398163397449);
#53=CONICAL_SURFACE('',#1515,1.5,0.785398163397449);
#54=CONICAL_SURFACE('',#1519,1.5,0.785398163397449);
#55=CONICAL_SURFACE('',#1523,1.5,0.785398163397449);
#56=CIRCLE('',#1425,2.9);
#57=CIRCLE('',#1426,2.9);
#58=CIRCLE('',#1429,2.9);
#59=CIRCLE('',#1430,2.9);
#60=CIRCLE('',#1440,2.5);
#61=CIRCLE('',#1443,2.5);
#62=CIRCLE('',#1448,2.5);
#63=CIRCLE('',#1451,2.5);
#64=CIRCLE('',#1455,1.15);
#65=CIRCLE('',#1456,1.15);
#66=CIRCLE('',#1457,1.15);
#67=CIRCLE('',#1458,1.15);
#68=CIRCLE('',#1459,1.7);
#69=CIRCLE('',#1460,1.7);
#70=CIRCLE('',#1463,1.4);
#71=CIRCLE('',#1464,1.4);
#72=CIRCLE('',#1465,1.4);
#73=CIRCLE('',#1466,1.4);
#74=CIRCLE('',#1468,1.4);
#75=CIRCLE('',#1469,1.4);
#76=CIRCLE('',#1470,1.4);
#77=CIRCLE('',#1471,1.4);
#78=CIRCLE('',#1472,0.6);
#79=CIRCLE('',#1473,0.75);
#80=CIRCLE('',#1474,0.599999999999996);
#81=CIRCLE('',#1475,0.15);
#82=CIRCLE('',#1477,0.600000000000005);
#83=CIRCLE('',#1478,0.600000000000005);
#84=CIRCLE('',#1479,0.15);
#85=CIRCLE('',#1480,0.75);
#86=CIRCLE('',#1482,0.600000000000001);
#87=CIRCLE('',#1483,0.599999999999996);
#88=CIRCLE('',#1484,0.15);
#89=CIRCLE('',#1485,0.75);
#90=CIRCLE('',#1487,0.600000000000005);
#91=CIRCLE('',#1488,0.600000000000005);
#92=CIRCLE('',#1489,0.15);
#93=CIRCLE('',#1490,0.75);
#94=CIRCLE('',#1494,0.75);
#95=CIRCLE('',#1497,0.75);
#96=CIRCLE('',#1501,0.75);
#97=CIRCLE('',#1508,0.75);
#98=CIRCLE('',#1512,1.3);
#99=CIRCLE('',#1514,1.3);
#100=CIRCLE('',#1516,1.3);
#101=CIRCLE('',#1518,1.3);
#102=CIRCLE('',#1520,1.7);
#103=CIRCLE('',#1522,1.7);
#104=CIRCLE('',#1527,1.4);
#105=CIRCLE('',#1528,1.4);
#106=CIRCLE('',#1532,1.4);
#107=CIRCLE('',#1535,1.4);
#108=B_SPLINE_CURVE_WITH_KNOTS('',3,(#1935,#1936,#1937,#1938,#1939,#1940),
 .UNSPECIFIED.,.F.,.F.,(4,1,1,4),(-0.632800036111504,-0.452000025793931,
-0.271200015476359,-2.22044604925031E-16),.UNSPECIFIED.);
#109=B_SPLINE_CURVE_WITH_KNOTS('',3,(#1941,#1942,#1943,#1944,#1945,#1946),
 .UNSPECIFIED.,.F.,.F.,(4,1,1,4),(2.22044604925031E-16,0.271200015476359,
0.452000025793931,0.632800036111504),.UNSPECIFIED.);
#110=B_SPLINE_CURVE_WITH_KNOTS('',3,(#1980,#1981,#1982,#1983,#1984,#1985),
 .UNSPECIFIED.,.F.,.F.,(4,1,1,4),(-0.632800036111507,-0.452000025793934,
-0.27120001547636,0.),.UNSPECIFIED.);
#111=B_SPLINE_CURVE_WITH_KNOTS('',3,(#1986,#1987,#1988,#1989,#1990,#1991),
 .UNSPECIFIED.,.F.,.F.,(4,1,1,4),(0.,0.27120001547636,0.452000025793934,
0.632800036111507),.UNSPECIFIED.);
#112=B_SPLINE_CURVE_WITH_KNOTS('',3,(#2002,#2003,#2004,#2005),
 .UNSPECIFIED.,.F.,.F.,(4,4),(1.6275,1.8475),.UNSPECIFIED.);
#113=B_SPLINE_CURVE_WITH_KNOTS('',3,(#2017,#2018,#2019,#2020),
 .UNSPECIFIED.,.F.,.F.,(4,4),(-1.6975,-1.4775),.UNSPECIFIED.);
#114=B_SPLINE_CURVE_WITH_KNOTS('',3,(#2049,#2050,#2051,#2052),
 .UNSPECIFIED.,.F.,.F.,(4,4),(-1.8475,-1.6275),.UNSPECIFIED.);
#115=B_SPLINE_CURVE_WITH_KNOTS('',3,(#2053,#2054,#2055,#2056,#2057,#2058),
 .UNSPECIFIED.,.F.,.F.,(4,1,1,4),(-0.632800036111487,-0.452000025793919,
-0.271200015476352,-4.44089209850063E-16),.UNSPECIFIED.);
#116=B_SPLINE_CURVE_WITH_KNOTS('',3,(#2061,#2062,#2063,#2064),
 .UNSPECIFIED.,.F.,.F.,(4,4),(1.4775,1.6975),.UNSPECIFIED.);
#117=B_SPLINE_CURVE_WITH_KNOTS('',3,(#2091,#2092,#2093,#2094),
 .UNSPECIFIED.,.F.,.F.,(4,4),(-1.6975,-1.4775),.UNSPECIFIED.);
#118=B_SPLINE_CURVE_WITH_KNOTS('',3,(#2095,#2096,#2097,#2098,#2099,#2100),
 .UNSPECIFIED.,.F.,.F.,(4,1,1,4),(-0.632800036111504,-0.452000025793932,
-0.271200015476359,-1.11022302462516E-16),.UNSPECIFIED.);
#119=B_SPLINE_CURVE_WITH_KNOTS('',3,(#2107,#2108,#2109,#2110),
 .UNSPECIFIED.,.F.,.F.,(4,4),(1.6275,1.8475),.UNSPECIFIED.);
#120=B_SPLINE_CURVE_WITH_KNOTS('',3,(#2161,#2162,#2163,#2164,#2165,#2166),
 .UNSPECIFIED.,.F.,.F.,(4,1,1,4),(-0.632800036111504,-0.452000025793932,
-0.271200015476359,-1.11022302462516E-16),.UNSPECIFIED.);
#121=B_SPLINE_CURVE_WITH_KNOTS('',3,(#2167,#2168,#2169,#2170,#2171,#2172),
 .UNSPECIFIED.,.F.,.F.,(4,1,1,4),(1.11022302462516E-16,0.271200015476359,
0.452000025793932,0.632800036111504),.UNSPECIFIED.);
#122=B_SPLINE_CURVE_WITH_KNOTS('',3,(#2205,#2206,#2207,#2208,#2209,#2210),
 .UNSPECIFIED.,.F.,.F.,(4,1,1,4),(-0.632800036111487,-0.452000025793919,
-0.271200015476352,-4.44089209850063E-16),.UNSPECIFIED.);
#123=B_SPLINE_CURVE_WITH_KNOTS('',3,(#2211,#2212,#2213,#2214,#2215,#2216),
 .UNSPECIFIED.,.F.,.F.,(4,1,1,4),(4.44089209850063E-16,0.271200015476352,
0.452000025793919,0.632800036111487),.UNSPECIFIED.);
#124=B_SPLINE_CURVE_WITH_KNOTS('',3,(#2248,#2249,#2250,#2251),
 .UNSPECIFIED.,.F.,.F.,(4,4),(-1.8475,-1.6275),.UNSPECIFIED.);
#125=B_SPLINE_CURVE_WITH_KNOTS('',3,(#2252,#2253,#2254,#2255,#2256,#2257),
 .UNSPECIFIED.,.F.,.F.,(4,1,1,4),(-0.632800036111507,-0.452000025793934,
-0.27120001547636,0.),.UNSPECIFIED.);
#126=B_SPLINE_CURVE_WITH_KNOTS('',3,(#2260,#2261,#2262,#2263),
 .UNSPECIFIED.,.F.,.F.,(4,4),(1.4775,1.6975),.UNSPECIFIED.);
#127=B_SPLINE_CURVE_WITH_KNOTS('',3,(#2289,#2290,#2291,#2292,#2293,#2294),
 .UNSPECIFIED.,.F.,.F.,(4,1,1,4),(-0.632800036111504,-0.452000025793931,
-0.271200015476359,-1.11022302462516E-16),.UNSPECIFIED.);
#128=B_SPLINE_CURVE_WITH_KNOTS('',3,(#2333,#2334,#2335,#2336,#2337,#2338),
 .UNSPECIFIED.,.F.,.F.,(4,1,1,4),(0.,0.27120001547636,0.452000025793934,
0.632800036111507),.UNSPECIFIED.);
#129=B_SPLINE_CURVE_WITH_KNOTS('',3,(#2385,#2386,#2387,#2388,#2389,#2390),
 .UNSPECIFIED.,.F.,.F.,(4,1,1,4),(1.11022302462516E-16,0.271200015476359,
0.452000025793932,0.632800036111504),.UNSPECIFIED.);
#130=B_SPLINE_CURVE_WITH_KNOTS('',3,(#2421,#2422,#2423,#2424,#2425,#2426),
 .UNSPECIFIED.,.F.,.F.,(4,1,1,4),(4.44089209850063E-16,0.271200015476352,
0.452000025793919,0.632800036111487),.UNSPECIFIED.);
#131=B_SPLINE_CURVE_WITH_KNOTS('',3,(#2471,#2472,#2473,#2474,#2475,#2476),
 .UNSPECIFIED.,.F.,.F.,(4,1,1,4),(1.11022302462516E-16,0.271200015476359,
0.452000025793931,0.632800036111504),.UNSPECIFIED.);
#132=B_SPLINE_CURVE_WITH_KNOTS('',3,(#2482,#2483,#2484,#2485,#2486,#2487,
#2488,#2489,#2490,#2491),.UNSPECIFIED.,.F.,.F.,(4,2,2,2,4),(0.427458085038393,
0.463593191918028,0.516757783973884,0.56992237602974,0.606057482909376),
 .UNSPECIFIED.);
#133=B_SPLINE_CURVE_WITH_KNOTS('',3,(#2495,#2496,#2497,#2498,#2499,#2500,
#2501,#2502,#2503,#2504),.UNSPECIFIED.,.F.,.F.,(4,2,2,2,4),(0.427458085038392,
0.463593191918028,0.516757783973884,0.56992237602974,0.606057482909376),
 .UNSPECIFIED.);
#134=B_SPLINE_CURVE_WITH_KNOTS('',3,(#2532,#2533,#2534,#2535,#2536,#2537,
#2538,#2539,#2540,#2541),.UNSPECIFIED.,.F.,.F.,(4,2,2,2,4),(0.427490079262422,
0.463977663755515,0.516762838851788,0.569927430907644,0.606062537787279),
 .UNSPECIFIED.);
#135=B_SPLINE_CURVE_WITH_KNOTS('',3,(#2545,#2546,#2547,#2548,#2549,#2550,
#2551,#2552,#2553,#2554),.UNSPECIFIED.,.F.,.F.,(4,2,2,2,4),(0.427458085038393,
0.463593191918029,0.516757783973885,0.569922376029741,0.606057482909377),
 .UNSPECIFIED.);
#136=B_SPLINE_SURFACE_WITH_KNOTS('',3,3,((#1908,#1909,#1910,#1911,#1912,
#1913),(#1914,#1915,#1916,#1917,#1918,#1919),(#1920,#1921,#1922,#1923,#1924,
#1925),(#1926,#1927,#1928,#1929,#1930,#1931)),.UNSPECIFIED.,.F.,.F.,.F.,
(4,4),(4,1,1,4),(0.,1.),(2.22044604925031E-16,0.271200015476359,0.452000025793931,
0.632800036111504),.UNSPECIFIED.);
#137=B_SPLINE_SURFACE_WITH_KNOTS('',3,3,((#1953,#1954,#1955,#1956,#1957,
#1958),(#1959,#1960,#1961,#1962,#1963,#1964),(#1965,#1966,#1967,#1968,#1969,
#1970),(#1971,#1972,#1973,#1974,#1975,#1976)),.UNSPECIFIED.,.F.,.F.,.F.,
(4,4),(4,1,1,4),(0.,1.),(0.,0.27120001547636,0.452000025793934,0.632800036111507),
 .UNSPECIFIED.);
#138=B_SPLINE_SURFACE_WITH_KNOTS('',3,3,((#2024,#2025,#2026,#2027),(#2028,
#2029,#2030,#2031),(#2032,#2033,#2034,#2035),(#2036,#2037,#2038,#2039),
(#2040,#2041,#2042,#2043),(#2044,#2045,#2046,#2047)),.UNSPECIFIED.,.F.,
 .F.,.F.,(4,1,1,4),(4,4),(0.,0.285714285714286,0.571428571428571,1.),(1.6275,
1.8475),.UNSPECIFIED.);
#139=B_SPLINE_SURFACE_WITH_KNOTS('',3,3,((#2066,#2067,#2068,#2069),(#2070,
#2071,#2072,#2073),(#2074,#2075,#2076,#2077),(#2078,#2079,#2080,#2081),
(#2082,#2083,#2084,#2085),(#2086,#2087,#2088,#2089)),.UNSPECIFIED.,.F.,
 .F.,.F.,(4,1,1,4),(4,4),(0.,0.285714285714286,0.571428571428571,1.),(-1.6975,
-1.4775),.UNSPECIFIED.);
#140=B_SPLINE_SURFACE_WITH_KNOTS('',3,3,((#2134,#2135,#2136,#2137,#2138,
#2139),(#2140,#2141,#2142,#2143,#2144,#2145),(#2146,#2147,#2148,#2149,#2150,
#2151),(#2152,#2153,#2154,#2155,#2156,#2157)),.UNSPECIFIED.,.F.,.F.,.F.,
(4,4),(4,1,1,4),(0.,1.),(1.11022302462516E-16,0.271200015476359,0.452000025793932,
0.632800036111504),.UNSPECIFIED.);
#141=B_SPLINE_SURFACE_WITH_KNOTS('',3,3,((#2179,#2180,#2181,#2182,#2183,
#2184),(#2185,#2186,#2187,#2188,#2189,#2190),(#2191,#2192,#2193,#2194,#2195,
#2196),(#2197,#2198,#2199,#2200,#2201,#2202)),.UNSPECIFIED.,.F.,.F.,.F.,
(4,4),(4,1,1,4),(0.,1.),(4.44089209850063E-16,0.271200015476352,0.452000025793919,
0.632800036111487),.UNSPECIFIED.);
#142=B_SPLINE_SURFACE_WITH_KNOTS('',3,3,((#2223,#2224,#2225,#2226),(#2227,
#2228,#2229,#2230),(#2231,#2232,#2233,#2234),(#2235,#2236,#2237,#2238),
(#2239,#2240,#2241,#2242),(#2243,#2244,#2245,#2246)),.UNSPECIFIED.,.F.,
 .F.,.F.,(4,1,1,4),(4,4),(0.,0.285714285714286,0.571428571428571,1.),(1.6275,
1.8475),.UNSPECIFIED.);
#143=B_SPLINE_SURFACE_WITH_KNOTS('',3,3,((#2265,#2266,#2267,#2268),(#2269,
#2270,#2271,#2272),(#2273,#2274,#2275,#2276),(#2277,#2278,#2279,#2280),
(#2281,#2282,#2283,#2284),(#2285,#2286,#2287,#2288)),.UNSPECIFIED.,.F.,
 .F.,.F.,(4,1,1,4),(4,4),(0.,0.285714285714286,0.571428571428571,1.),(-1.6975,
-1.4775),.UNSPECIFIED.);
#144=B_SPLINE_SURFACE_WITH_KNOTS('',3,3,((#2307,#2308,#2309,#2310,#2311,
#2312),(#2313,#2314,#2315,#2316,#2317,#2318),(#2319,#2320,#2321,#2322,#2323,
#2324),(#2325,#2326,#2327,#2328,#2329,#2330)),.UNSPECIFIED.,.F.,.F.,.F.,
(4,4),(4,1,1,4),(0.,1.),(0.,0.27120001547636,0.452000025793934,0.632800036111507),
 .UNSPECIFIED.);
#145=B_SPLINE_SURFACE_WITH_KNOTS('',3,3,((#2359,#2360,#2361,#2362,#2363,
#2364),(#2365,#2366,#2367,#2368,#2369,#2370),(#2371,#2372,#2373,#2374,#2375,
#2376),(#2377,#2378,#2379,#2380,#2381,#2382)),.UNSPECIFIED.,.F.,.F.,.F.,
(4,4),(4,1,1,4),(0.,1.),(1.11022302462516E-16,0.271200015476359,0.452000025793932,
0.632800036111504),.UNSPECIFIED.);
#146=B_SPLINE_SURFACE_WITH_KNOTS('',3,3,((#2395,#2396,#2397,#2398,#2399,
#2400),(#2401,#2402,#2403,#2404,#2405,#2406),(#2407,#2408,#2409,#2410,#2411,
#2412),(#2413,#2414,#2415,#2416,#2417,#2418)),.UNSPECIFIED.,.F.,.F.,.F.,
(4,4),(4,1,1,4),(0.,1.),(4.44089209850063E-16,0.271200015476352,0.452000025793919,
0.632800036111487),.UNSPECIFIED.);
#147=B_SPLINE_SURFACE_WITH_KNOTS('',3,3,((#2447,#2448,#2449,#2450,#2451,
#2452),(#2453,#2454,#2455,#2456,#2457,#2458),(#2459,#2460,#2461,#2462,#2463,
#2464),(#2465,#2466,#2467,#2468,#2469,#2470)),.UNSPECIFIED.,.F.,.F.,.F.,
(4,4),(4,1,1,4),(0.,1.),(1.11022302462516E-16,0.271200015476359,0.452000025793931,
0.632800036111504),.UNSPECIFIED.);
#148=FACE_OUTER_BOUND('',#229,.T.);
#149=FACE_OUTER_BOUND('',#230,.T.);
#150=FACE_OUTER_BOUND('',#231,.T.);
#151=FACE_OUTER_BOUND('',#232,.T.);
#152=FACE_OUTER_BOUND('',#233,.T.);
#153=FACE_OUTER_BOUND('',#234,.T.);
#154=FACE_OUTER_BOUND('',#235,.T.);
#155=FACE_OUTER_BOUND('',#236,.T.);
#156=FACE_OUTER_BOUND('',#237,.T.);
#157=FACE_OUTER_BOUND('',#238,.T.);
#158=FACE_OUTER_BOUND('',#239,.T.);
#159=FACE_OUTER_BOUND('',#240,.T.);
#160=FACE_OUTER_BOUND('',#241,.T.);
#161=FACE_OUTER_BOUND('',#242,.T.);
#162=FACE_OUTER_BOUND('',#243,.T.);
#163=FACE_OUTER_BOUND('',#244,.T.);
#164=FACE_OUTER_BOUND('',#245,.T.);
#165=FACE_OUTER_BOUND('',#246,.T.);
#166=FACE_OUTER_BOUND('',#247,.T.);
#167=FACE_OUTER_BOUND('',#248,.T.);
#168=FACE_OUTER_BOUND('',#249,.T.);
#169=FACE_OUTER_BOUND('',#250,.T.);
#170=FACE_OUTER_BOUND('',#251,.T.);
#171=FACE_OUTER_BOUND('',#252,.T.);
#172=FACE_OUTER_BOUND('',#253,.T.);
#173=FACE_OUTER_BOUND('',#254,.T.);
#174=FACE_OUTER_BOUND('',#255,.T.);
#175=FACE_OUTER_BOUND('',#256,.T.);
#176=FACE_OUTER_BOUND('',#257,.T.);
#177=FACE_OUTER_BOUND('',#258,.T.);
#178=FACE_OUTER_BOUND('',#259,.T.);
#179=FACE_OUTER_BOUND('',#260,.T.);
#180=FACE_OUTER_BOUND('',#261,.T.);
#181=FACE_OUTER_BOUND('',#262,.T.);
#182=FACE_OUTER_BOUND('',#263,.T.);
#183=FACE_OUTER_BOUND('',#264,.T.);
#184=FACE_OUTER_BOUND('',#265,.T.);
#185=FACE_OUTER_BOUND('',#266,.T.);
#186=FACE_OUTER_BOUND('',#270,.T.);
#187=FACE_OUTER_BOUND('',#271,.T.);
#188=FACE_OUTER_BOUND('',#272,.T.);
#189=FACE_OUTER_BOUND('',#273,.T.);
#190=FACE_OUTER_BOUND('',#274,.T.);
#191=FACE_OUTER_BOUND('',#275,.T.);
#192=FACE_OUTER_BOUND('',#276,.T.);
#193=FACE_OUTER_BOUND('',#277,.T.);
#194=FACE_OUTER_BOUND('',#278,.T.);
#195=FACE_OUTER_BOUND('',#279,.T.);
#196=FACE_OUTER_BOUND('',#280,.T.);
#197=FACE_OUTER_BOUND('',#281,.T.);
#198=FACE_OUTER_BOUND('',#282,.T.);
#199=FACE_OUTER_BOUND('',#283,.T.);
#200=FACE_OUTER_BOUND('',#284,.T.);
#201=FACE_OUTER_BOUND('',#285,.T.);
#202=FACE_OUTER_BOUND('',#286,.T.);
#203=FACE_OUTER_BOUND('',#287,.T.);
#204=FACE_OUTER_BOUND('',#288,.T.);
#205=FACE_OUTER_BOUND('',#289,.T.);
#206=FACE_OUTER_BOUND('',#290,.T.);
#207=FACE_OUTER_BOUND('',#291,.T.);
#208=FACE_OUTER_BOUND('',#292,.T.);
#209=FACE_OUTER_BOUND('',#293,.T.);
#210=FACE_OUTER_BOUND('',#294,.T.);
#211=FACE_OUTER_BOUND('',#295,.T.);
#212=FACE_OUTER_BOUND('',#296,.T.);
#213=FACE_OUTER_BOUND('',#297,.T.);
#214=FACE_OUTER_BOUND('',#298,.T.);
#215=FACE_OUTER_BOUND('',#299,.T.);
#216=FACE_OUTER_BOUND('',#300,.T.);
#217=FACE_OUTER_BOUND('',#301,.T.);
#218=FACE_OUTER_BOUND('',#304,.T.);
#219=FACE_OUTER_BOUND('',#305,.T.);
#220=FACE_OUTER_BOUND('',#306,.T.);
#221=FACE_OUTER_BOUND('',#307,.T.);
#222=FACE_OUTER_BOUND('',#310,.T.);
#223=FACE_OUTER_BOUND('',#311,.T.);
#224=FACE_OUTER_BOUND('',#312,.T.);
#225=FACE_OUTER_BOUND('',#313,.T.);
#226=FACE_OUTER_BOUND('',#314,.T.);
#227=FACE_OUTER_BOUND('',#315,.T.);
#228=FACE_OUTER_BOUND('',#316,.T.);
#229=EDGE_LOOP('',(#885,#886,#887,#888,#889));
#230=EDGE_LOOP('',(#890,#891,#892,#893));
#231=EDGE_LOOP('',(#894,#895,#896,#897));
#232=EDGE_LOOP('',(#898,#899,#900,#901));
#233=EDGE_LOOP('',(#902,#903,#904,#905,#906));
#234=EDGE_LOOP('',(#907,#908,#909,#910,#911,#912,#913,#914,#915,#916));
#235=EDGE_LOOP('',(#917,#918,#919,#920));
#236=EDGE_LOOP('',(#921,#922,#923,#924));
#237=EDGE_LOOP('',(#925,#926,#927,#928));
#238=EDGE_LOOP('',(#929,#930,#931,#932,#933,#934,#935,#936,#937,#938));
#239=EDGE_LOOP('',(#939,#940,#941,#942,#943,#944));
#240=EDGE_LOOP('',(#945,#946,#947,#948,#949));
#241=EDGE_LOOP('',(#950,#951,#952,#953));
#242=EDGE_LOOP('',(#954,#955,#956,#957));
#243=EDGE_LOOP('',(#958,#959,#960,#961));
#244=EDGE_LOOP('',(#962,#963,#964,#965,#966));
#245=EDGE_LOOP('',(#967,#968,#969,#970));
#246=EDGE_LOOP('',(#971,#972,#973,#974));
#247=EDGE_LOOP('',(#975,#976,#977,#978));
#248=EDGE_LOOP('',(#979,#980,#981,#982,#983,#984));
#249=EDGE_LOOP('',(#985,#986,#987,#988));
#250=EDGE_LOOP('',(#989,#990,#991,#992));
#251=EDGE_LOOP('',(#993,#994,#995,#996));
#252=EDGE_LOOP('',(#997,#998,#999,#1000));
#253=EDGE_LOOP('',(#1001,#1002,#1003,#1004));
#254=EDGE_LOOP('',(#1005,#1006,#1007,#1008));
#255=EDGE_LOOP('',(#1009,#1010,#1011,#1012));
#256=EDGE_LOOP('',(#1013,#1014,#1015,#1016));
#257=EDGE_LOOP('',(#1017,#1018,#1019,#1020));
#258=EDGE_LOOP('',(#1021,#1022,#1023,#1024));
#259=EDGE_LOOP('',(#1025,#1026,#1027,#1028));
#260=EDGE_LOOP('',(#1029,#1030,#1031,#1032));
#261=EDGE_LOOP('',(#1033,#1034,#1035,#1036));
#262=EDGE_LOOP('',(#1037,#1038,#1039,#1040));
#263=EDGE_LOOP('',(#1041,#1042,#1043,#1044));
#264=EDGE_LOOP('',(#1045,#1046,#1047,#1048));
#265=EDGE_LOOP('',(#1049,#1050,#1051,#1052,#1053,#1054,#1055,#1056));
#266=EDGE_LOOP('',(#1057,#1058,#1059,#1060));
#267=EDGE_LOOP('',(#1061,#1062,#1063,#1064,#1065,#1066,#1067,#1068));
#268=EDGE_LOOP('',(#1069));
#269=EDGE_LOOP('',(#1070));
#270=EDGE_LOOP('',(#1071,#1072,#1073,#1074,#1075,#1076,#1077,#1078));
#271=EDGE_LOOP('',(#1079,#1080,#1081,#1082,#1083,#1084,#1085,#1086,#1087,
#1088,#1089,#1090));
#272=EDGE_LOOP('',(#1091,#1092,#1093,#1094,#1095,#1096,#1097,#1098,#1099,
#1100,#1101,#1102));
#273=EDGE_LOOP('',(#1103,#1104,#1105,#1106));
#274=EDGE_LOOP('',(#1107,#1108,#1109,#1110));
#275=EDGE_LOOP('',(#1111,#1112,#1113,#1114));
#276=EDGE_LOOP('',(#1115,#1116,#1117,#1118));
#277=EDGE_LOOP('',(#1119,#1120,#1121,#1122));
#278=EDGE_LOOP('',(#1123,#1124,#1125,#1126));
#279=EDGE_LOOP('',(#1127,#1128,#1129,#1130));
#280=EDGE_LOOP('',(#1131,#1132,#1133,#1134));
#281=EDGE_LOOP('',(#1135,#1136,#1137,#1138));
#282=EDGE_LOOP('',(#1139,#1140,#1141,#1142));
#283=EDGE_LOOP('',(#1143,#1144,#1145,#1146));
#284=EDGE_LOOP('',(#1147,#1148,#1149,#1150));
#285=EDGE_LOOP('',(#1151,#1152,#1153,#1154,#1155,#1156,#1157,#1158));
#286=EDGE_LOOP('',(#1159,#1160,#1161,#1162));
#287=EDGE_LOOP('',(#1163,#1164,#1165,#1166));
#288=EDGE_LOOP('',(#1167,#1168,#1169,#1170));
#289=EDGE_LOOP('',(#1171,#1172,#1173,#1174));
#290=EDGE_LOOP('',(#1175,#1176,#1177,#1178));
#291=EDGE_LOOP('',(#1179,#1180,#1181,#1182));
#292=EDGE_LOOP('',(#1183,#1184,#1185,#1186));
#293=EDGE_LOOP('',(#1187,#1188,#1189,#1190));
#294=EDGE_LOOP('',(#1191,#1192,#1193,#1194));
#295=EDGE_LOOP('',(#1195,#1196,#1197,#1198));
#296=EDGE_LOOP('',(#1199,#1200,#1201,#1202));
#297=EDGE_LOOP('',(#1203,#1204,#1205,#1206));
#298=EDGE_LOOP('',(#1207,#1208,#1209,#1210));
#299=EDGE_LOOP('',(#1211,#1212,#1213,#1214));
#300=EDGE_LOOP('',(#1215,#1216,#1217,#1218));
#301=EDGE_LOOP('',(#1219,#1220,#1221,#1222));
#302=EDGE_LOOP('',(#1223));
#303=EDGE_LOOP('',(#1224));
#304=EDGE_LOOP('',(#1225,#1226,#1227,#1228));
#305=EDGE_LOOP('',(#1229,#1230,#1231,#1232,#1233,#1234));
#306=EDGE_LOOP('',(#1235,#1236,#1237,#1238,#1239,#1240));
#307=EDGE_LOOP('',(#1241,#1242,#1243,#1244,#1245,#1246));
#308=EDGE_LOOP('',(#1247));
#309=EDGE_LOOP('',(#1248));
#310=EDGE_LOOP('',(#1249,#1250,#1251,#1252));
#311=EDGE_LOOP('',(#1253,#1254,#1255,#1256));
#312=EDGE_LOOP('',(#1257,#1258,#1259,#1260,#1261,#1262));
#313=EDGE_LOOP('',(#1263,#1264,#1265,#1266,#1267,#1268));
#314=EDGE_LOOP('',(#1269,#1270,#1271,#1272,#1273,#1274));
#315=EDGE_LOOP('',(#1275,#1276,#1277,#1278,#1279,#1280));
#316=EDGE_LOOP('',(#1281,#1282,#1283,#1284,#1285,#1286));
#317=EDGE_LOOP('',(#1287));
#318=EDGE_LOOP('',(#1288));
#319=LINE('',#1900,#441);
#320=LINE('',#1902,#442);
#321=LINE('',#1904,#443);
#322=LINE('',#1906,#444);
#323=LINE('',#1907,#445);
#324=LINE('',#1934,#446);
#325=LINE('',#1950,#447);
#326=LINE('',#1951,#448);
#327=LINE('',#1952,#449);
#328=LINE('',#1979,#450);
#329=LINE('',#1995,#451);
#330=LINE('',#1996,#452);
#331=LINE('',#1998,#453);
#332=LINE('',#1999,#454);
#333=LINE('',#2007,#455);
#334=LINE('',#2011,#456);
#335=LINE('',#2015,#457);
#336=LINE('',#2022,#458);
#337=LINE('',#2023,#459);
#338=LINE('',#2065,#460);
#339=LINE('',#2103,#461);
#340=LINE('',#2105,#462);
#341=LINE('',#2112,#463);
#342=LINE('',#2116,#464);
#343=LINE('',#2119,#465);
#344=LINE('',#2122,#466);
#345=LINE('',#2124,#467);
#346=LINE('',#2126,#468);
#347=LINE('',#2127,#469);
#348=LINE('',#2130,#470);
#349=LINE('',#2132,#471);
#350=LINE('',#2133,#472);
#351=LINE('',#2160,#473);
#352=LINE('',#2176,#474);
#353=LINE('',#2177,#475);
#354=LINE('',#2178,#476);
#355=LINE('',#2204,#477);
#356=LINE('',#2219,#478);
#357=LINE('',#2221,#479);
#358=LINE('',#2222,#480);
#359=LINE('',#2264,#481);
#360=LINE('',#2297,#482);
#361=LINE('',#2299,#483);
#362=LINE('',#2300,#484);
#363=LINE('',#2303,#485);
#364=LINE('',#2305,#486);
#365=LINE('',#2306,#487);
#366=LINE('',#2332,#488);
#367=LINE('',#2341,#489);
#368=LINE('',#2342,#490);
#369=LINE('',#2346,#491);
#370=LINE('',#2349,#492);
#371=LINE('',#2350,#493);
#372=LINE('',#2354,#494);
#373=LINE('',#2357,#495);
#374=LINE('',#2358,#496);
#375=LINE('',#2384,#497);
#376=LINE('',#2393,#498);
#377=LINE('',#2394,#499);
#378=LINE('',#2420,#500);
#379=LINE('',#2429,#501);
#380=LINE('',#2430,#502);
#381=LINE('',#2434,#503);
#382=LINE('',#2437,#504);
#383=LINE('',#2438,#505);
#384=LINE('',#2442,#506);
#385=LINE('',#2445,#507);
#386=LINE('',#2446,#508);
#387=LINE('',#2478,#509);
#388=LINE('',#2480,#510);
#389=LINE('',#2493,#511);
#390=LINE('',#2505,#512);
#391=LINE('',#2507,#513);
#392=LINE('',#2510,#514);
#393=LINE('',#2514,#515);
#394=LINE('',#2518,#516);
#395=LINE('',#2522,#517);
#396=LINE('',#2530,#518);
#397=LINE('',#2543,#519);
#398=LINE('',#2555,#520);
#399=LINE('',#2591,#521);
#400=LINE('',#2592,#522);
#401=LINE('',#2611,#523);
#402=LINE('',#2612,#524);
#403=LINE('',#2631,#525);
#404=LINE('',#2632,#526);
#405=LINE('',#2648,#527);
#406=LINE('',#2649,#528);
#407=LINE('',#2652,#529);
#408=LINE('',#2654,#530);
#409=LINE('',#2655,#531);
#410=LINE('',#2658,#532);
#411=LINE('',#2662,#533);
#412=LINE('',#2663,#534);
#413=LINE('',#2666,#535);
#414=LINE('',#2671,#536);
#415=LINE('',#2673,#537);
#416=LINE('',#2674,#538);
#417=LINE('',#2677,#539);
#418=LINE('',#2679,#540);
#419=LINE('',#2681,#541);
#420=LINE('',#2683,#542);
#421=LINE('',#2685,#543);
#422=LINE('',#2688,#544);
#423=LINE('',#2689,#545);
#424=LINE('',#2693,#546);
#425=LINE('',#2695,#547);
#426=LINE('',#2698,#548);
#427=LINE('',#2702,#549);
#428=LINE('',#2706,#550);
#429=LINE('',#2710,#551);
#430=LINE('',#2715,#552);
#431=LINE('',#2717,#553);
#432=LINE('',#2718,#554);
#433=LINE('',#2722,#555);
#434=LINE('',#2724,#556);
#435=LINE('',#2726,#557);
#436=LINE('',#2733,#558);
#437=LINE('',#2738,#559);
#438=LINE('',#2740,#560);
#439=LINE('',#2744,#561);
#440=LINE('',#2746,#562);
#441=VECTOR('',#1542,10.);
#442=VECTOR('',#1543,10.);
#443=VECTOR('',#1544,10.);
#444=VECTOR('',#1545,10.);
#445=VECTOR('',#1546,10.);
#446=VECTOR('',#1547,10.);
#447=VECTOR('',#1550,10.);
#448=VECTOR('',#1551,10.);
#449=VECTOR('',#1552,10.);
#450=VECTOR('',#1553,10.);
#451=VECTOR('',#1556,10.);
#452=VECTOR('',#1557,10.);
#453=VECTOR('',#1558,10.);
#454=VECTOR('',#1559,10.);
#455=VECTOR('',#1562,10.);
#456=VECTOR('',#1565,10.);
#457=VECTOR('',#1568,10.);
#458=VECTOR('',#1569,10.);
#459=VECTOR('',#1570,10.);
#460=VECTOR('',#1573,10.);
#461=VECTOR('',#1576,10.);
#462=VECTOR('',#1577,10.);
#463=VECTOR('',#1578,10.);
#464=VECTOR('',#1581,10.);
#465=VECTOR('',#1584,10.);
#466=VECTOR('',#1587,10.);
#467=VECTOR('',#1588,10.);
#468=VECTOR('',#1589,10.);
#469=VECTOR('',#1590,10.);
#470=VECTOR('',#1593,10.);
#471=VECTOR('',#1594,10.);
#472=VECTOR('',#1595,10.);
#473=VECTOR('',#1596,10.);
#474=VECTOR('',#1599,10.);
#475=VECTOR('',#1600,10.);
#476=VECTOR('',#1601,10.);
#477=VECTOR('',#1602,10.);
#478=VECTOR('',#1605,10.);
#479=VECTOR('',#1606,10.);
#480=VECTOR('',#1607,10.);
#481=VECTOR('',#1610,10.);
#482=VECTOR('',#1613,10.);
#483=VECTOR('',#1614,10.);
#484=VECTOR('',#1615,10.);
#485=VECTOR('',#1618,10.);
#486=VECTOR('',#1619,10.);
#487=VECTOR('',#1620,10.);
#488=VECTOR('',#1621,10.);
#489=VECTOR('',#1624,10.);
#490=VECTOR('',#1625,10.);
#491=VECTOR('',#1630,10.);
#492=VECTOR('',#1633,10.);
#493=VECTOR('',#1634,10.);
#494=VECTOR('',#1639,10.);
#495=VECTOR('',#1642,10.);
#496=VECTOR('',#1643,10.);
#497=VECTOR('',#1644,10.);
#498=VECTOR('',#1647,10.);
#499=VECTOR('',#1648,10.);
#500=VECTOR('',#1649,10.);
#501=VECTOR('',#1652,10.);
#502=VECTOR('',#1653,10.);
#503=VECTOR('',#1658,10.);
#504=VECTOR('',#1661,10.);
#505=VECTOR('',#1662,10.);
#506=VECTOR('',#1667,10.);
#507=VECTOR('',#1670,10.);
#508=VECTOR('',#1671,10.);
#509=VECTOR('',#1674,10.);
#510=VECTOR('',#1675,10.);
#511=VECTOR('',#1676,10.);
#512=VECTOR('',#1677,10.);
#513=VECTOR('',#1680,10.);
#514=VECTOR('',#1681,10.);
#515=VECTOR('',#1684,10.);
#516=VECTOR('',#1687,10.);
#517=VECTOR('',#1690,10.);
#518=VECTOR('',#1699,10.);
#519=VECTOR('',#1700,10.);
#520=VECTOR('',#1701,10.);
#521=VECTOR('',#1734,10.);
#522=VECTOR('',#1735,10.);
#523=VECTOR('',#1746,10.);
#524=VECTOR('',#1747,10.);
#525=VECTOR('',#1758,10.);
#526=VECTOR('',#1759,10.);
#527=VECTOR('',#1768,10.);
#528=VECTOR('',#1769,10.);
#529=VECTOR('',#1772,10.);
#530=VECTOR('',#1773,10.);
#531=VECTOR('',#1774,10.);
#532=VECTOR('',#1777,10.);
#533=VECTOR('',#1782,10.);
#534=VECTOR('',#1783,10.);
#535=VECTOR('',#1786,10.);
#536=VECTOR('',#1793,10.);
#537=VECTOR('',#1794,10.);
#538=VECTOR('',#1795,10.);
#539=VECTOR('',#1800,10.);
#540=VECTOR('',#1803,10.);
#541=VECTOR('',#1806,10.);
#542=VECTOR('',#1809,10.);
#543=VECTOR('',#1812,10.);
#544=VECTOR('',#1815,10.);
#545=VECTOR('',#1816,10.);
#546=VECTOR('',#1823,10.);
#547=VECTOR('',#1826,10.);
#548=VECTOR('',#1829,1.5);
#549=VECTOR('',#1834,1.3);
#550=VECTOR('',#1839,1.5);
#551=VECTOR('',#1844,1.3);
#552=VECTOR('',#1851,1.5);
#553=VECTOR('',#1854,10.);
#554=VECTOR('',#1855,10.);
#555=VECTOR('',#1860,1.5);
#556=VECTOR('',#1863,10.);
#557=VECTOR('',#1866,10.);
#558=VECTOR('',#1875,10.);
#559=VECTOR('',#1882,1.4);
#560=VECTOR('',#1885,1.4);
#561=VECTOR('',#1890,1.4);
#562=VECTOR('',#1893,1.4);
#563=VERTEX_POINT('',#1898);
#564=VERTEX_POINT('',#1899);
#565=VERTEX_POINT('',#1901);
#566=VERTEX_POINT('',#1903);
#567=VERTEX_POINT('',#1905);
#568=VERTEX_POINT('',#1932);
#569=VERTEX_POINT('',#1933);
#570=VERTEX_POINT('',#1948);
#571=VERTEX_POINT('',#1949);
#572=VERTEX_POINT('',#1977);
#573=VERTEX_POINT('',#1978);
#574=VERTEX_POINT('',#1993);
#575=VERTEX_POINT('',#1994);
#576=VERTEX_POINT('',#1997);
#577=VERTEX_POINT('',#2001);
#578=VERTEX_POINT('',#2006);
#579=VERTEX_POINT('',#2008);
#580=VERTEX_POINT('',#2010);
#581=VERTEX_POINT('',#2012);
#582=VERTEX_POINT('',#2014);
#583=VERTEX_POINT('',#2016);
#584=VERTEX_POINT('',#2021);
#585=VERTEX_POINT('',#2048);
#586=VERTEX_POINT('',#2060);
#587=VERTEX_POINT('',#2090);
#588=VERTEX_POINT('',#2102);
#589=VERTEX_POINT('',#2104);
#590=VERTEX_POINT('',#2106);
#591=VERTEX_POINT('',#2111);
#592=VERTEX_POINT('',#2113);
#593=VERTEX_POINT('',#2115);
#594=VERTEX_POINT('',#2117);
#595=VERTEX_POINT('',#2121);
#596=VERTEX_POINT('',#2123);
#597=VERTEX_POINT('',#2125);
#598=VERTEX_POINT('',#2129);
#599=VERTEX_POINT('',#2131);
#600=VERTEX_POINT('',#2158);
#601=VERTEX_POINT('',#2159);
#602=VERTEX_POINT('',#2174);
#603=VERTEX_POINT('',#2175);
#604=VERTEX_POINT('',#2203);
#605=VERTEX_POINT('',#2218);
#606=VERTEX_POINT('',#2220);
#607=VERTEX_POINT('',#2247);
#608=VERTEX_POINT('',#2259);
#609=VERTEX_POINT('',#2296);
#610=VERTEX_POINT('',#2298);
#611=VERTEX_POINT('',#2302);
#612=VERTEX_POINT('',#2304);
#613=VERTEX_POINT('',#2331);
#614=VERTEX_POINT('',#2340);
#615=VERTEX_POINT('',#2344);
#616=VERTEX_POINT('',#2348);
#617=VERTEX_POINT('',#2352);
#618=VERTEX_POINT('',#2356);
#619=VERTEX_POINT('',#2383);
#620=VERTEX_POINT('',#2392);
#621=VERTEX_POINT('',#2419);
#622=VERTEX_POINT('',#2428);
#623=VERTEX_POINT('',#2432);
#624=VERTEX_POINT('',#2436);
#625=VERTEX_POINT('',#2440);
#626=VERTEX_POINT('',#2444);
#627=VERTEX_POINT('',#2479);
#628=VERTEX_POINT('',#2481);
#629=VERTEX_POINT('',#2492);
#630=VERTEX_POINT('',#2494);
#631=VERTEX_POINT('',#2508);
#632=VERTEX_POINT('',#2509);
#633=VERTEX_POINT('',#2511);
#634=VERTEX_POINT('',#2513);
#635=VERTEX_POINT('',#2515);
#636=VERTEX_POINT('',#2517);
#637=VERTEX_POINT('',#2519);
#638=VERTEX_POINT('',#2521);
#639=VERTEX_POINT('',#2524);
#640=VERTEX_POINT('',#2526);
#641=VERTEX_POINT('',#2529);
#642=VERTEX_POINT('',#2531);
#643=VERTEX_POINT('',#2542);
#644=VERTEX_POINT('',#2544);
#645=VERTEX_POINT('',#2557);
#646=VERTEX_POINT('',#2560);
#647=VERTEX_POINT('',#2564);
#648=VERTEX_POINT('',#2567);
#649=VERTEX_POINT('',#2579);
#650=VERTEX_POINT('',#2580);
#651=VERTEX_POINT('',#2582);
#652=VERTEX_POINT('',#2584);
#653=VERTEX_POINT('',#2588);
#654=VERTEX_POINT('',#2589);
#655=VERTEX_POINT('',#2602);
#656=VERTEX_POINT('',#2603);
#657=VERTEX_POINT('',#2608);
#658=VERTEX_POINT('',#2609);
#659=VERTEX_POINT('',#2622);
#660=VERTEX_POINT('',#2623);
#661=VERTEX_POINT('',#2628);
#662=VERTEX_POINT('',#2629);
#663=VERTEX_POINT('',#2642);
#664=VERTEX_POINT('',#2643);
#665=VERTEX_POINT('',#2651);
#666=VERTEX_POINT('',#2653);
#667=VERTEX_POINT('',#2657);
#668=VERTEX_POINT('',#2661);
#669=VERTEX_POINT('',#2665);
#670=VERTEX_POINT('',#2670);
#671=VERTEX_POINT('',#2672);
#672=VERTEX_POINT('',#2687);
#673=VERTEX_POINT('',#2697);
#674=VERTEX_POINT('',#2701);
#675=VERTEX_POINT('',#2705);
#676=VERTEX_POINT('',#2709);
#677=VERTEX_POINT('',#2713);
#678=VERTEX_POINT('',#2719);
#679=VERTEX_POINT('',#2728);
#680=VERTEX_POINT('',#2730);
#681=VERTEX_POINT('',#2736);
#682=VERTEX_POINT('',#2742);
#683=EDGE_CURVE('',#563,#564,#319,.T.);
#684=EDGE_CURVE('',#564,#565,#320,.T.);
#685=EDGE_CURVE('',#565,#566,#321,.T.);
#686=EDGE_CURVE('',#566,#567,#322,.T.);
#687=EDGE_CURVE('',#567,#563,#323,.T.);
#688=EDGE_CURVE('',#568,#569,#324,.T.);
#689=EDGE_CURVE('',#569,#566,#108,.T.);
#690=EDGE_CURVE('',#565,#568,#109,.T.);
#691=EDGE_CURVE('',#570,#571,#325,.T.);
#692=EDGE_CURVE('',#571,#569,#326,.T.);
#693=EDGE_CURVE('',#568,#570,#327,.T.);
#694=EDGE_CURVE('',#572,#573,#328,.T.);
#695=EDGE_CURVE('',#573,#571,#110,.T.);
#696=EDGE_CURVE('',#570,#572,#111,.T.);
#697=EDGE_CURVE('',#574,#575,#329,.T.);
#698=EDGE_CURVE('',#575,#573,#330,.T.);
#699=EDGE_CURVE('',#572,#576,#331,.T.);
#700=EDGE_CURVE('',#576,#574,#332,.T.);
#701=EDGE_CURVE('',#577,#566,#112,.T.);
#702=EDGE_CURVE('',#578,#577,#333,.T.);
#703=EDGE_CURVE('',#579,#578,#56,.T.);
#704=EDGE_CURVE('',#580,#579,#334,.T.);
#705=EDGE_CURVE('',#581,#580,#57,.T.);
#706=EDGE_CURVE('',#582,#581,#335,.T.);
#707=EDGE_CURVE('',#583,#582,#113,.T.);
#708=EDGE_CURVE('',#584,#583,#336,.T.);
#709=EDGE_CURVE('',#567,#584,#337,.T.);
#710=EDGE_CURVE('',#569,#585,#114,.T.);
#711=EDGE_CURVE('',#577,#585,#115,.T.);
#712=EDGE_CURVE('',#586,#571,#116,.T.);
#713=EDGE_CURVE('',#585,#586,#338,.T.);
#714=EDGE_CURVE('',#573,#587,#117,.T.);
#715=EDGE_CURVE('',#586,#587,#118,.T.);
#716=EDGE_CURVE('',#588,#575,#339,.T.);
#717=EDGE_CURVE('',#589,#588,#340,.T.);
#718=EDGE_CURVE('',#590,#589,#119,.T.);
#719=EDGE_CURVE('',#591,#590,#341,.T.);
#720=EDGE_CURVE('',#592,#591,#58,.T.);
#721=EDGE_CURVE('',#593,#592,#342,.T.);
#722=EDGE_CURVE('',#594,#593,#59,.T.);
#723=EDGE_CURVE('',#587,#594,#343,.T.);
#724=EDGE_CURVE('',#595,#574,#344,.T.);
#725=EDGE_CURVE('',#595,#596,#345,.T.);
#726=EDGE_CURVE('',#596,#597,#346,.T.);
#727=EDGE_CURVE('',#588,#597,#347,.T.);
#728=EDGE_CURVE('',#597,#598,#348,.T.);
#729=EDGE_CURVE('',#598,#599,#349,.T.);
#730=EDGE_CURVE('',#599,#589,#350,.T.);
#731=EDGE_CURVE('',#600,#601,#351,.T.);
#732=EDGE_CURVE('',#601,#589,#120,.T.);
#733=EDGE_CURVE('',#599,#600,#121,.T.);
#734=EDGE_CURVE('',#602,#603,#352,.T.);
#735=EDGE_CURVE('',#603,#601,#353,.T.);
#736=EDGE_CURVE('',#600,#602,#354,.T.);
#737=EDGE_CURVE('',#604,#583,#355,.T.);
#738=EDGE_CURVE('',#583,#603,#122,.T.);
#739=EDGE_CURVE('',#602,#604,#123,.T.);
#740=EDGE_CURVE('',#605,#584,#356,.T.);
#741=EDGE_CURVE('',#604,#606,#357,.T.);
#742=EDGE_CURVE('',#606,#605,#358,.T.);
#743=EDGE_CURVE('',#601,#607,#124,.T.);
#744=EDGE_CURVE('',#590,#607,#125,.T.);
#745=EDGE_CURVE('',#608,#603,#126,.T.);
#746=EDGE_CURVE('',#607,#608,#359,.T.);
#747=EDGE_CURVE('',#608,#582,#127,.T.);
#748=EDGE_CURVE('',#609,#605,#360,.T.);
#749=EDGE_CURVE('',#609,#610,#361,.T.);
#750=EDGE_CURVE('',#563,#610,#362,.T.);
#751=EDGE_CURVE('',#611,#607,#363,.T.);
#752=EDGE_CURVE('',#608,#612,#364,.T.);
#753=EDGE_CURVE('',#612,#611,#365,.T.);
#754=EDGE_CURVE('',#613,#590,#366,.T.);
#755=EDGE_CURVE('',#611,#613,#128,.T.);
#756=EDGE_CURVE('',#613,#614,#367,.T.);
#757=EDGE_CURVE('',#614,#591,#368,.T.);
#758=EDGE_CURVE('',#614,#615,#60,.T.);
#759=EDGE_CURVE('',#615,#592,#369,.T.);
#760=EDGE_CURVE('',#615,#616,#370,.T.);
#761=EDGE_CURVE('',#616,#593,#371,.T.);
#762=EDGE_CURVE('',#616,#617,#61,.T.);
#763=EDGE_CURVE('',#617,#594,#372,.T.);
#764=EDGE_CURVE('',#618,#587,#373,.T.);
#765=EDGE_CURVE('',#617,#618,#374,.T.);
#766=EDGE_CURVE('',#619,#586,#375,.T.);
#767=EDGE_CURVE('',#618,#619,#129,.T.);
#768=EDGE_CURVE('',#620,#585,#376,.T.);
#769=EDGE_CURVE('',#619,#620,#377,.T.);
#770=EDGE_CURVE('',#621,#577,#378,.T.);
#771=EDGE_CURVE('',#620,#621,#130,.T.);
#772=EDGE_CURVE('',#621,#622,#379,.T.);
#773=EDGE_CURVE('',#622,#578,#380,.T.);
#774=EDGE_CURVE('',#622,#623,#62,.T.);
#775=EDGE_CURVE('',#623,#579,#381,.T.);
#776=EDGE_CURVE('',#623,#624,#382,.T.);
#777=EDGE_CURVE('',#624,#580,#383,.T.);
#778=EDGE_CURVE('',#624,#625,#63,.T.);
#779=EDGE_CURVE('',#625,#581,#384,.T.);
#780=EDGE_CURVE('',#626,#582,#385,.T.);
#781=EDGE_CURVE('',#625,#626,#386,.T.);
#782=EDGE_CURVE('',#626,#612,#131,.T.);
#783=EDGE_CURVE('',#616,#623,#387,.T.);
#784=EDGE_CURVE('',#622,#627,#388,.T.);
#785=EDGE_CURVE('',#628,#627,#132,.F.);
#786=EDGE_CURVE('',#628,#629,#389,.T.);
#787=EDGE_CURVE('',#630,#629,#133,.F.);
#788=EDGE_CURVE('',#630,#617,#390,.T.);
#789=EDGE_CURVE('',#624,#615,#391,.T.);
#790=EDGE_CURVE('',#631,#632,#392,.T.);
#791=EDGE_CURVE('',#633,#631,#64,.T.);
#792=EDGE_CURVE('',#634,#633,#393,.T.);
#793=EDGE_CURVE('',#635,#634,#65,.T.);
#794=EDGE_CURVE('',#636,#635,#394,.T.);
#795=EDGE_CURVE('',#637,#636,#66,.T.);
#796=EDGE_CURVE('',#638,#637,#395,.T.);
#797=EDGE_CURVE('',#632,#638,#67,.T.);
#798=EDGE_CURVE('',#639,#639,#68,.T.);
#799=EDGE_CURVE('',#640,#640,#69,.T.);
#800=EDGE_CURVE('',#614,#641,#396,.T.);
#801=EDGE_CURVE('',#642,#641,#134,.F.);
#802=EDGE_CURVE('',#642,#643,#397,.T.);
#803=EDGE_CURVE('',#644,#643,#135,.F.);
#804=EDGE_CURVE('',#644,#625,#398,.T.);
#805=EDGE_CURVE('',#644,#645,#70,.T.);
#806=EDGE_CURVE('',#645,#643,#71,.T.);
#807=EDGE_CURVE('',#642,#646,#72,.T.);
#808=EDGE_CURVE('',#646,#641,#73,.T.);
#809=EDGE_CURVE('',#630,#647,#74,.T.);
#810=EDGE_CURVE('',#647,#629,#75,.T.);
#811=EDGE_CURVE('',#628,#648,#76,.T.);
#812=EDGE_CURVE('',#648,#627,#77,.T.);
#813=EDGE_CURVE('',#649,#650,#78,.T.);
#814=EDGE_CURVE('',#650,#651,#79,.T.);
#815=EDGE_CURVE('',#651,#652,#80,.T.);
#816=EDGE_CURVE('',#652,#649,#81,.T.);
#817=EDGE_CURVE('',#653,#654,#82,.T.);
#818=EDGE_CURVE('',#654,#652,#399,.T.);
#819=EDGE_CURVE('',#651,#653,#400,.T.);
#820=EDGE_CURVE('',#655,#656,#83,.T.);
#821=EDGE_CURVE('',#656,#654,#84,.T.);
#822=EDGE_CURVE('',#653,#655,#85,.T.);
#823=EDGE_CURVE('',#657,#658,#86,.T.);
#824=EDGE_CURVE('',#658,#656,#401,.T.);
#825=EDGE_CURVE('',#655,#657,#402,.T.);
#826=EDGE_CURVE('',#659,#660,#87,.T.);
#827=EDGE_CURVE('',#660,#658,#88,.T.);
#828=EDGE_CURVE('',#657,#659,#89,.T.);
#829=EDGE_CURVE('',#661,#662,#90,.T.);
#830=EDGE_CURVE('',#662,#660,#403,.T.);
#831=EDGE_CURVE('',#659,#661,#404,.T.);
#832=EDGE_CURVE('',#663,#664,#91,.T.);
#833=EDGE_CURVE('',#664,#662,#92,.T.);
#834=EDGE_CURVE('',#661,#663,#93,.T.);
#835=EDGE_CURVE('',#663,#650,#405,.T.);
#836=EDGE_CURVE('',#649,#664,#406,.T.);
#837=EDGE_CURVE('',#665,#655,#407,.T.);
#838=EDGE_CURVE('',#666,#665,#408,.T.);
#839=EDGE_CURVE('',#657,#666,#409,.T.);
#840=EDGE_CURVE('',#653,#667,#410,.T.);
#841=EDGE_CURVE('',#665,#667,#94,.T.);
#842=EDGE_CURVE('',#668,#651,#411,.T.);
#843=EDGE_CURVE('',#667,#668,#412,.T.);
#844=EDGE_CURVE('',#650,#669,#413,.T.);
#845=EDGE_CURVE('',#668,#669,#95,.T.);
#846=EDGE_CURVE('',#670,#631,#414,.T.);
#847=EDGE_CURVE('',#632,#671,#415,.T.);
#848=EDGE_CURVE('',#671,#670,#416,.T.);
#849=EDGE_CURVE('',#670,#666,#96,.T.);
#850=EDGE_CURVE('',#666,#633,#417,.T.);
#851=EDGE_CURVE('',#665,#634,#418,.T.);
#852=EDGE_CURVE('',#667,#635,#419,.T.);
#853=EDGE_CURVE('',#668,#636,#420,.T.);
#854=EDGE_CURVE('',#669,#637,#421,.T.);
#855=EDGE_CURVE('',#672,#638,#422,.T.);
#856=EDGE_CURVE('',#669,#672,#423,.T.);
#857=EDGE_CURVE('',#672,#671,#97,.T.);
#858=EDGE_CURVE('',#670,#659,#424,.T.);
#859=EDGE_CURVE('',#661,#671,#425,.T.);
#860=EDGE_CURVE('',#640,#673,#426,.T.);
#861=EDGE_CURVE('',#673,#673,#98,.T.);
#862=EDGE_CURVE('',#673,#674,#427,.T.);
#863=EDGE_CURVE('',#674,#674,#99,.T.);
#864=EDGE_CURVE('',#639,#675,#428,.T.);
#865=EDGE_CURVE('',#675,#675,#100,.T.);
#866=EDGE_CURVE('',#675,#676,#429,.T.);
#867=EDGE_CURVE('',#676,#676,#101,.T.);
#868=EDGE_CURVE('',#677,#677,#102,.T.);
#869=EDGE_CURVE('',#677,#676,#430,.T.);
#870=EDGE_CURVE('',#596,#609,#431,.T.);
#871=EDGE_CURVE('',#610,#595,#432,.T.);
#872=EDGE_CURVE('',#678,#678,#103,.T.);
#873=EDGE_CURVE('',#678,#674,#433,.T.);
#874=EDGE_CURVE('',#576,#564,#434,.T.);
#875=EDGE_CURVE('',#606,#598,#435,.T.);
#876=EDGE_CURVE('',#679,#679,#104,.T.);
#877=EDGE_CURVE('',#680,#680,#105,.T.);
#878=EDGE_CURVE('',#672,#663,#436,.T.);
#879=EDGE_CURVE('',#681,#681,#106,.T.);
#880=EDGE_CURVE('',#681,#648,#437,.T.);
#881=EDGE_CURVE('',#645,#680,#438,.T.);
#882=EDGE_CURVE('',#682,#682,#107,.T.);
#883=EDGE_CURVE('',#682,#647,#439,.T.);
#884=EDGE_CURVE('',#646,#679,#440,.T.);
#885=ORIENTED_EDGE('',*,*,#683,.T.);
#886=ORIENTED_EDGE('',*,*,#684,.T.);
#887=ORIENTED_EDGE('',*,*,#685,.T.);
#888=ORIENTED_EDGE('',*,*,#686,.T.);
#889=ORIENTED_EDGE('',*,*,#687,.T.);
#890=ORIENTED_EDGE('',*,*,#688,.T.);
#891=ORIENTED_EDGE('',*,*,#689,.T.);
#892=ORIENTED_EDGE('',*,*,#685,.F.);
#893=ORIENTED_EDGE('',*,*,#690,.T.);
#894=ORIENTED_EDGE('',*,*,#691,.T.);
#895=ORIENTED_EDGE('',*,*,#692,.T.);
#896=ORIENTED_EDGE('',*,*,#688,.F.);
#897=ORIENTED_EDGE('',*,*,#693,.T.);
#898=ORIENTED_EDGE('',*,*,#694,.T.);
#899=ORIENTED_EDGE('',*,*,#695,.T.);
#900=ORIENTED_EDGE('',*,*,#691,.F.);
#901=ORIENTED_EDGE('',*,*,#696,.T.);
#902=ORIENTED_EDGE('',*,*,#697,.T.);
#903=ORIENTED_EDGE('',*,*,#698,.T.);
#904=ORIENTED_EDGE('',*,*,#694,.F.);
#905=ORIENTED_EDGE('',*,*,#699,.T.);
#906=ORIENTED_EDGE('',*,*,#700,.T.);
#907=ORIENTED_EDGE('',*,*,#686,.F.);
#908=ORIENTED_EDGE('',*,*,#701,.F.);
#909=ORIENTED_EDGE('',*,*,#702,.F.);
#910=ORIENTED_EDGE('',*,*,#703,.F.);
#911=ORIENTED_EDGE('',*,*,#704,.F.);
#912=ORIENTED_EDGE('',*,*,#705,.F.);
#913=ORIENTED_EDGE('',*,*,#706,.F.);
#914=ORIENTED_EDGE('',*,*,#707,.F.);
#915=ORIENTED_EDGE('',*,*,#708,.F.);
#916=ORIENTED_EDGE('',*,*,#709,.F.);
#917=ORIENTED_EDGE('',*,*,#689,.F.);
#918=ORIENTED_EDGE('',*,*,#710,.T.);
#919=ORIENTED_EDGE('',*,*,#711,.F.);
#920=ORIENTED_EDGE('',*,*,#701,.T.);
#921=ORIENTED_EDGE('',*,*,#692,.F.);
#922=ORIENTED_EDGE('',*,*,#712,.F.);
#923=ORIENTED_EDGE('',*,*,#713,.F.);
#924=ORIENTED_EDGE('',*,*,#710,.F.);
#925=ORIENTED_EDGE('',*,*,#695,.F.);
#926=ORIENTED_EDGE('',*,*,#714,.T.);
#927=ORIENTED_EDGE('',*,*,#715,.F.);
#928=ORIENTED_EDGE('',*,*,#712,.T.);
#929=ORIENTED_EDGE('',*,*,#698,.F.);
#930=ORIENTED_EDGE('',*,*,#716,.F.);
#931=ORIENTED_EDGE('',*,*,#717,.F.);
#932=ORIENTED_EDGE('',*,*,#718,.F.);
#933=ORIENTED_EDGE('',*,*,#719,.F.);
#934=ORIENTED_EDGE('',*,*,#720,.F.);
#935=ORIENTED_EDGE('',*,*,#721,.F.);
#936=ORIENTED_EDGE('',*,*,#722,.F.);
#937=ORIENTED_EDGE('',*,*,#723,.F.);
#938=ORIENTED_EDGE('',*,*,#714,.F.);
#939=ORIENTED_EDGE('',*,*,#697,.F.);
#940=ORIENTED_EDGE('',*,*,#724,.F.);
#941=ORIENTED_EDGE('',*,*,#725,.T.);
#942=ORIENTED_EDGE('',*,*,#726,.T.);
#943=ORIENTED_EDGE('',*,*,#727,.F.);
#944=ORIENTED_EDGE('',*,*,#716,.T.);
#945=ORIENTED_EDGE('',*,*,#728,.T.);
#946=ORIENTED_EDGE('',*,*,#729,.T.);
#947=ORIENTED_EDGE('',*,*,#730,.T.);
#948=ORIENTED_EDGE('',*,*,#717,.T.);
#949=ORIENTED_EDGE('',*,*,#727,.T.);
#950=ORIENTED_EDGE('',*,*,#731,.T.);
#951=ORIENTED_EDGE('',*,*,#732,.T.);
#952=ORIENTED_EDGE('',*,*,#730,.F.);
#953=ORIENTED_EDGE('',*,*,#733,.T.);
#954=ORIENTED_EDGE('',*,*,#734,.T.);
#955=ORIENTED_EDGE('',*,*,#735,.T.);
#956=ORIENTED_EDGE('',*,*,#731,.F.);
#957=ORIENTED_EDGE('',*,*,#736,.T.);
#958=ORIENTED_EDGE('',*,*,#737,.T.);
#959=ORIENTED_EDGE('',*,*,#738,.T.);
#960=ORIENTED_EDGE('',*,*,#734,.F.);
#961=ORIENTED_EDGE('',*,*,#739,.T.);
#962=ORIENTED_EDGE('',*,*,#740,.T.);
#963=ORIENTED_EDGE('',*,*,#708,.T.);
#964=ORIENTED_EDGE('',*,*,#737,.F.);
#965=ORIENTED_EDGE('',*,*,#741,.T.);
#966=ORIENTED_EDGE('',*,*,#742,.T.);
#967=ORIENTED_EDGE('',*,*,#732,.F.);
#968=ORIENTED_EDGE('',*,*,#743,.T.);
#969=ORIENTED_EDGE('',*,*,#744,.F.);
#970=ORIENTED_EDGE('',*,*,#718,.T.);
#971=ORIENTED_EDGE('',*,*,#735,.F.);
#972=ORIENTED_EDGE('',*,*,#745,.F.);
#973=ORIENTED_EDGE('',*,*,#746,.F.);
#974=ORIENTED_EDGE('',*,*,#743,.F.);
#975=ORIENTED_EDGE('',*,*,#738,.F.);
#976=ORIENTED_EDGE('',*,*,#707,.T.);
#977=ORIENTED_EDGE('',*,*,#747,.F.);
#978=ORIENTED_EDGE('',*,*,#745,.T.);
#979=ORIENTED_EDGE('',*,*,#687,.F.);
#980=ORIENTED_EDGE('',*,*,#709,.T.);
#981=ORIENTED_EDGE('',*,*,#740,.F.);
#982=ORIENTED_EDGE('',*,*,#748,.F.);
#983=ORIENTED_EDGE('',*,*,#749,.T.);
#984=ORIENTED_EDGE('',*,*,#750,.F.);
#985=ORIENTED_EDGE('',*,*,#751,.T.);
#986=ORIENTED_EDGE('',*,*,#746,.T.);
#987=ORIENTED_EDGE('',*,*,#752,.T.);
#988=ORIENTED_EDGE('',*,*,#753,.T.);
#989=ORIENTED_EDGE('',*,*,#754,.T.);
#990=ORIENTED_EDGE('',*,*,#744,.T.);
#991=ORIENTED_EDGE('',*,*,#751,.F.);
#992=ORIENTED_EDGE('',*,*,#755,.T.);
#993=ORIENTED_EDGE('',*,*,#754,.F.);
#994=ORIENTED_EDGE('',*,*,#756,.T.);
#995=ORIENTED_EDGE('',*,*,#757,.T.);
#996=ORIENTED_EDGE('',*,*,#719,.T.);
#997=ORIENTED_EDGE('',*,*,#757,.F.);
#998=ORIENTED_EDGE('',*,*,#758,.T.);
#999=ORIENTED_EDGE('',*,*,#759,.T.);
#1000=ORIENTED_EDGE('',*,*,#720,.T.);
#1001=ORIENTED_EDGE('',*,*,#759,.F.);
#1002=ORIENTED_EDGE('',*,*,#760,.T.);
#1003=ORIENTED_EDGE('',*,*,#761,.T.);
#1004=ORIENTED_EDGE('',*,*,#721,.T.);
#1005=ORIENTED_EDGE('',*,*,#761,.F.);
#1006=ORIENTED_EDGE('',*,*,#762,.T.);
#1007=ORIENTED_EDGE('',*,*,#763,.T.);
#1008=ORIENTED_EDGE('',*,*,#722,.T.);
#1009=ORIENTED_EDGE('',*,*,#764,.T.);
#1010=ORIENTED_EDGE('',*,*,#723,.T.);
#1011=ORIENTED_EDGE('',*,*,#763,.F.);
#1012=ORIENTED_EDGE('',*,*,#765,.T.);
#1013=ORIENTED_EDGE('',*,*,#766,.T.);
#1014=ORIENTED_EDGE('',*,*,#715,.T.);
#1015=ORIENTED_EDGE('',*,*,#764,.F.);
#1016=ORIENTED_EDGE('',*,*,#767,.T.);
#1017=ORIENTED_EDGE('',*,*,#768,.T.);
#1018=ORIENTED_EDGE('',*,*,#713,.T.);
#1019=ORIENTED_EDGE('',*,*,#766,.F.);
#1020=ORIENTED_EDGE('',*,*,#769,.T.);
#1021=ORIENTED_EDGE('',*,*,#770,.T.);
#1022=ORIENTED_EDGE('',*,*,#711,.T.);
#1023=ORIENTED_EDGE('',*,*,#768,.F.);
#1024=ORIENTED_EDGE('',*,*,#771,.T.);
#1025=ORIENTED_EDGE('',*,*,#770,.F.);
#1026=ORIENTED_EDGE('',*,*,#772,.T.);
#1027=ORIENTED_EDGE('',*,*,#773,.T.);
#1028=ORIENTED_EDGE('',*,*,#702,.T.);
#1029=ORIENTED_EDGE('',*,*,#773,.F.);
#1030=ORIENTED_EDGE('',*,*,#774,.T.);
#1031=ORIENTED_EDGE('',*,*,#775,.T.);
#1032=ORIENTED_EDGE('',*,*,#703,.T.);
#1033=ORIENTED_EDGE('',*,*,#775,.F.);
#1034=ORIENTED_EDGE('',*,*,#776,.T.);
#1035=ORIENTED_EDGE('',*,*,#777,.T.);
#1036=ORIENTED_EDGE('',*,*,#704,.T.);
#1037=ORIENTED_EDGE('',*,*,#777,.F.);
#1038=ORIENTED_EDGE('',*,*,#778,.T.);
#1039=ORIENTED_EDGE('',*,*,#779,.T.);
#1040=ORIENTED_EDGE('',*,*,#705,.T.);
#1041=ORIENTED_EDGE('',*,*,#780,.T.);
#1042=ORIENTED_EDGE('',*,*,#706,.T.);
#1043=ORIENTED_EDGE('',*,*,#779,.F.);
#1044=ORIENTED_EDGE('',*,*,#781,.T.);
#1045=ORIENTED_EDGE('',*,*,#752,.F.);
#1046=ORIENTED_EDGE('',*,*,#747,.T.);
#1047=ORIENTED_EDGE('',*,*,#780,.F.);
#1048=ORIENTED_EDGE('',*,*,#782,.T.);
#1049=ORIENTED_EDGE('',*,*,#762,.F.);
#1050=ORIENTED_EDGE('',*,*,#783,.T.);
#1051=ORIENTED_EDGE('',*,*,#774,.F.);
#1052=ORIENTED_EDGE('',*,*,#784,.T.);
#1053=ORIENTED_EDGE('',*,*,#785,.F.);
#1054=ORIENTED_EDGE('',*,*,#786,.T.);
#1055=ORIENTED_EDGE('',*,*,#787,.F.);
#1056=ORIENTED_EDGE('',*,*,#788,.T.);
#1057=ORIENTED_EDGE('',*,*,#760,.F.);
#1058=ORIENTED_EDGE('',*,*,#789,.F.);
#1059=ORIENTED_EDGE('',*,*,#776,.F.);
#1060=ORIENTED_EDGE('',*,*,#783,.F.);
#1061=ORIENTED_EDGE('',*,*,#790,.F.);
#1062=ORIENTED_EDGE('',*,*,#791,.F.);
#1063=ORIENTED_EDGE('',*,*,#792,.F.);
#1064=ORIENTED_EDGE('',*,*,#793,.F.);
#1065=ORIENTED_EDGE('',*,*,#794,.F.);
#1066=ORIENTED_EDGE('',*,*,#795,.F.);
#1067=ORIENTED_EDGE('',*,*,#796,.F.);
#1068=ORIENTED_EDGE('',*,*,#797,.F.);
#1069=ORIENTED_EDGE('',*,*,#798,.F.);
#1070=ORIENTED_EDGE('',*,*,#799,.F.);
#1071=ORIENTED_EDGE('',*,*,#758,.F.);
#1072=ORIENTED_EDGE('',*,*,#800,.T.);
#1073=ORIENTED_EDGE('',*,*,#801,.F.);
#1074=ORIENTED_EDGE('',*,*,#802,.T.);
#1075=ORIENTED_EDGE('',*,*,#803,.F.);
#1076=ORIENTED_EDGE('',*,*,#804,.T.);
#1077=ORIENTED_EDGE('',*,*,#778,.F.);
#1078=ORIENTED_EDGE('',*,*,#789,.T.);
#1079=ORIENTED_EDGE('',*,*,#756,.F.);
#1080=ORIENTED_EDGE('',*,*,#755,.F.);
#1081=ORIENTED_EDGE('',*,*,#753,.F.);
#1082=ORIENTED_EDGE('',*,*,#782,.F.);
#1083=ORIENTED_EDGE('',*,*,#781,.F.);
#1084=ORIENTED_EDGE('',*,*,#804,.F.);
#1085=ORIENTED_EDGE('',*,*,#805,.T.);
#1086=ORIENTED_EDGE('',*,*,#806,.T.);
#1087=ORIENTED_EDGE('',*,*,#802,.F.);
#1088=ORIENTED_EDGE('',*,*,#807,.T.);
#1089=ORIENTED_EDGE('',*,*,#808,.T.);
#1090=ORIENTED_EDGE('',*,*,#800,.F.);
#1091=ORIENTED_EDGE('',*,*,#765,.F.);
#1092=ORIENTED_EDGE('',*,*,#788,.F.);
#1093=ORIENTED_EDGE('',*,*,#809,.T.);
#1094=ORIENTED_EDGE('',*,*,#810,.T.);
#1095=ORIENTED_EDGE('',*,*,#786,.F.);
#1096=ORIENTED_EDGE('',*,*,#811,.T.);
#1097=ORIENTED_EDGE('',*,*,#812,.T.);
#1098=ORIENTED_EDGE('',*,*,#784,.F.);
#1099=ORIENTED_EDGE('',*,*,#772,.F.);
#1100=ORIENTED_EDGE('',*,*,#771,.F.);
#1101=ORIENTED_EDGE('',*,*,#769,.F.);
#1102=ORIENTED_EDGE('',*,*,#767,.F.);
#1103=ORIENTED_EDGE('',*,*,#813,.T.);
#1104=ORIENTED_EDGE('',*,*,#814,.T.);
#1105=ORIENTED_EDGE('',*,*,#815,.T.);
#1106=ORIENTED_EDGE('',*,*,#816,.T.);
#1107=ORIENTED_EDGE('',*,*,#817,.T.);
#1108=ORIENTED_EDGE('',*,*,#818,.T.);
#1109=ORIENTED_EDGE('',*,*,#815,.F.);
#1110=ORIENTED_EDGE('',*,*,#819,.T.);
#1111=ORIENTED_EDGE('',*,*,#820,.T.);
#1112=ORIENTED_EDGE('',*,*,#821,.T.);
#1113=ORIENTED_EDGE('',*,*,#817,.F.);
#1114=ORIENTED_EDGE('',*,*,#822,.T.);
#1115=ORIENTED_EDGE('',*,*,#823,.T.);
#1116=ORIENTED_EDGE('',*,*,#824,.T.);
#1117=ORIENTED_EDGE('',*,*,#820,.F.);
#1118=ORIENTED_EDGE('',*,*,#825,.T.);
#1119=ORIENTED_EDGE('',*,*,#826,.T.);
#1120=ORIENTED_EDGE('',*,*,#827,.T.);
#1121=ORIENTED_EDGE('',*,*,#823,.F.);
#1122=ORIENTED_EDGE('',*,*,#828,.T.);
#1123=ORIENTED_EDGE('',*,*,#829,.T.);
#1124=ORIENTED_EDGE('',*,*,#830,.T.);
#1125=ORIENTED_EDGE('',*,*,#826,.F.);
#1126=ORIENTED_EDGE('',*,*,#831,.T.);
#1127=ORIENTED_EDGE('',*,*,#832,.T.);
#1128=ORIENTED_EDGE('',*,*,#833,.T.);
#1129=ORIENTED_EDGE('',*,*,#829,.F.);
#1130=ORIENTED_EDGE('',*,*,#834,.T.);
#1131=ORIENTED_EDGE('',*,*,#832,.F.);
#1132=ORIENTED_EDGE('',*,*,#835,.T.);
#1133=ORIENTED_EDGE('',*,*,#813,.F.);
#1134=ORIENTED_EDGE('',*,*,#836,.T.);
#1135=ORIENTED_EDGE('',*,*,#825,.F.);
#1136=ORIENTED_EDGE('',*,*,#837,.F.);
#1137=ORIENTED_EDGE('',*,*,#838,.F.);
#1138=ORIENTED_EDGE('',*,*,#839,.F.);
#1139=ORIENTED_EDGE('',*,*,#822,.F.);
#1140=ORIENTED_EDGE('',*,*,#840,.T.);
#1141=ORIENTED_EDGE('',*,*,#841,.F.);
#1142=ORIENTED_EDGE('',*,*,#837,.T.);
#1143=ORIENTED_EDGE('',*,*,#819,.F.);
#1144=ORIENTED_EDGE('',*,*,#842,.F.);
#1145=ORIENTED_EDGE('',*,*,#843,.F.);
#1146=ORIENTED_EDGE('',*,*,#840,.F.);
#1147=ORIENTED_EDGE('',*,*,#814,.F.);
#1148=ORIENTED_EDGE('',*,*,#844,.T.);
#1149=ORIENTED_EDGE('',*,*,#845,.F.);
#1150=ORIENTED_EDGE('',*,*,#842,.T.);
#1151=ORIENTED_EDGE('',*,*,#816,.F.);
#1152=ORIENTED_EDGE('',*,*,#818,.F.);
#1153=ORIENTED_EDGE('',*,*,#821,.F.);
#1154=ORIENTED_EDGE('',*,*,#824,.F.);
#1155=ORIENTED_EDGE('',*,*,#827,.F.);
#1156=ORIENTED_EDGE('',*,*,#830,.F.);
#1157=ORIENTED_EDGE('',*,*,#833,.F.);
#1158=ORIENTED_EDGE('',*,*,#836,.F.);
#1159=ORIENTED_EDGE('',*,*,#846,.T.);
#1160=ORIENTED_EDGE('',*,*,#790,.T.);
#1161=ORIENTED_EDGE('',*,*,#847,.T.);
#1162=ORIENTED_EDGE('',*,*,#848,.T.);
#1163=ORIENTED_EDGE('',*,*,#846,.F.);
#1164=ORIENTED_EDGE('',*,*,#849,.T.);
#1165=ORIENTED_EDGE('',*,*,#850,.T.);
#1166=ORIENTED_EDGE('',*,*,#791,.T.);
#1167=ORIENTED_EDGE('',*,*,#851,.T.);
#1168=ORIENTED_EDGE('',*,*,#792,.T.);
#1169=ORIENTED_EDGE('',*,*,#850,.F.);
#1170=ORIENTED_EDGE('',*,*,#838,.T.);
#1171=ORIENTED_EDGE('',*,*,#851,.F.);
#1172=ORIENTED_EDGE('',*,*,#841,.T.);
#1173=ORIENTED_EDGE('',*,*,#852,.T.);
#1174=ORIENTED_EDGE('',*,*,#793,.T.);
#1175=ORIENTED_EDGE('',*,*,#853,.T.);
#1176=ORIENTED_EDGE('',*,*,#794,.T.);
#1177=ORIENTED_EDGE('',*,*,#852,.F.);
#1178=ORIENTED_EDGE('',*,*,#843,.T.);
#1179=ORIENTED_EDGE('',*,*,#853,.F.);
#1180=ORIENTED_EDGE('',*,*,#845,.T.);
#1181=ORIENTED_EDGE('',*,*,#854,.T.);
#1182=ORIENTED_EDGE('',*,*,#795,.T.);
#1183=ORIENTED_EDGE('',*,*,#855,.T.);
#1184=ORIENTED_EDGE('',*,*,#796,.T.);
#1185=ORIENTED_EDGE('',*,*,#854,.F.);
#1186=ORIENTED_EDGE('',*,*,#856,.T.);
#1187=ORIENTED_EDGE('',*,*,#855,.F.);
#1188=ORIENTED_EDGE('',*,*,#857,.T.);
#1189=ORIENTED_EDGE('',*,*,#847,.F.);
#1190=ORIENTED_EDGE('',*,*,#797,.T.);
#1191=ORIENTED_EDGE('',*,*,#828,.F.);
#1192=ORIENTED_EDGE('',*,*,#839,.T.);
#1193=ORIENTED_EDGE('',*,*,#849,.F.);
#1194=ORIENTED_EDGE('',*,*,#858,.T.);
#1195=ORIENTED_EDGE('',*,*,#831,.F.);
#1196=ORIENTED_EDGE('',*,*,#858,.F.);
#1197=ORIENTED_EDGE('',*,*,#848,.F.);
#1198=ORIENTED_EDGE('',*,*,#859,.F.);
#1199=ORIENTED_EDGE('',*,*,#799,.T.);
#1200=ORIENTED_EDGE('',*,*,#860,.T.);
#1201=ORIENTED_EDGE('',*,*,#861,.T.);
#1202=ORIENTED_EDGE('',*,*,#860,.F.);
#1203=ORIENTED_EDGE('',*,*,#861,.F.);
#1204=ORIENTED_EDGE('',*,*,#862,.T.);
#1205=ORIENTED_EDGE('',*,*,#863,.F.);
#1206=ORIENTED_EDGE('',*,*,#862,.F.);
#1207=ORIENTED_EDGE('',*,*,#798,.T.);
#1208=ORIENTED_EDGE('',*,*,#864,.T.);
#1209=ORIENTED_EDGE('',*,*,#865,.T.);
#1210=ORIENTED_EDGE('',*,*,#864,.F.);
#1211=ORIENTED_EDGE('',*,*,#865,.F.);
#1212=ORIENTED_EDGE('',*,*,#866,.T.);
#1213=ORIENTED_EDGE('',*,*,#867,.F.);
#1214=ORIENTED_EDGE('',*,*,#866,.F.);
#1215=ORIENTED_EDGE('',*,*,#868,.T.);
#1216=ORIENTED_EDGE('',*,*,#869,.T.);
#1217=ORIENTED_EDGE('',*,*,#867,.T.);
#1218=ORIENTED_EDGE('',*,*,#869,.F.);
#1219=ORIENTED_EDGE('',*,*,#870,.F.);
#1220=ORIENTED_EDGE('',*,*,#725,.F.);
#1221=ORIENTED_EDGE('',*,*,#871,.F.);
#1222=ORIENTED_EDGE('',*,*,#749,.F.);
#1223=ORIENTED_EDGE('',*,*,#872,.F.);
#1224=ORIENTED_EDGE('',*,*,#868,.F.);
#1225=ORIENTED_EDGE('',*,*,#872,.T.);
#1226=ORIENTED_EDGE('',*,*,#873,.T.);
#1227=ORIENTED_EDGE('',*,*,#863,.T.);
#1228=ORIENTED_EDGE('',*,*,#873,.F.);
#1229=ORIENTED_EDGE('',*,*,#683,.F.);
#1230=ORIENTED_EDGE('',*,*,#750,.T.);
#1231=ORIENTED_EDGE('',*,*,#871,.T.);
#1232=ORIENTED_EDGE('',*,*,#724,.T.);
#1233=ORIENTED_EDGE('',*,*,#700,.F.);
#1234=ORIENTED_EDGE('',*,*,#874,.T.);
#1235=ORIENTED_EDGE('',*,*,#728,.F.);
#1236=ORIENTED_EDGE('',*,*,#726,.F.);
#1237=ORIENTED_EDGE('',*,*,#870,.T.);
#1238=ORIENTED_EDGE('',*,*,#748,.T.);
#1239=ORIENTED_EDGE('',*,*,#742,.F.);
#1240=ORIENTED_EDGE('',*,*,#875,.T.);
#1241=ORIENTED_EDGE('',*,*,#729,.F.);
#1242=ORIENTED_EDGE('',*,*,#875,.F.);
#1243=ORIENTED_EDGE('',*,*,#741,.F.);
#1244=ORIENTED_EDGE('',*,*,#739,.F.);
#1245=ORIENTED_EDGE('',*,*,#736,.F.);
#1246=ORIENTED_EDGE('',*,*,#733,.F.);
#1247=ORIENTED_EDGE('',*,*,#876,.T.);
#1248=ORIENTED_EDGE('',*,*,#877,.T.);
#1249=ORIENTED_EDGE('',*,*,#834,.F.);
#1250=ORIENTED_EDGE('',*,*,#859,.T.);
#1251=ORIENTED_EDGE('',*,*,#857,.F.);
#1252=ORIENTED_EDGE('',*,*,#878,.T.);
#1253=ORIENTED_EDGE('',*,*,#835,.F.);
#1254=ORIENTED_EDGE('',*,*,#878,.F.);
#1255=ORIENTED_EDGE('',*,*,#856,.F.);
#1256=ORIENTED_EDGE('',*,*,#844,.F.);
#1257=ORIENTED_EDGE('',*,*,#879,.F.);
#1258=ORIENTED_EDGE('',*,*,#880,.T.);
#1259=ORIENTED_EDGE('',*,*,#811,.F.);
#1260=ORIENTED_EDGE('',*,*,#785,.T.);
#1261=ORIENTED_EDGE('',*,*,#812,.F.);
#1262=ORIENTED_EDGE('',*,*,#880,.F.);
#1263=ORIENTED_EDGE('',*,*,#805,.F.);
#1264=ORIENTED_EDGE('',*,*,#803,.T.);
#1265=ORIENTED_EDGE('',*,*,#806,.F.);
#1266=ORIENTED_EDGE('',*,*,#881,.T.);
#1267=ORIENTED_EDGE('',*,*,#877,.F.);
#1268=ORIENTED_EDGE('',*,*,#881,.F.);
#1269=ORIENTED_EDGE('',*,*,#882,.F.);
#1270=ORIENTED_EDGE('',*,*,#883,.T.);
#1271=ORIENTED_EDGE('',*,*,#809,.F.);
#1272=ORIENTED_EDGE('',*,*,#787,.T.);
#1273=ORIENTED_EDGE('',*,*,#810,.F.);
#1274=ORIENTED_EDGE('',*,*,#883,.F.);
#1275=ORIENTED_EDGE('',*,*,#807,.F.);
#1276=ORIENTED_EDGE('',*,*,#801,.T.);
#1277=ORIENTED_EDGE('',*,*,#808,.F.);
#1278=ORIENTED_EDGE('',*,*,#884,.T.);
#1279=ORIENTED_EDGE('',*,*,#876,.F.);
#1280=ORIENTED_EDGE('',*,*,#884,.F.);
#1281=ORIENTED_EDGE('',*,*,#684,.F.);
#1282=ORIENTED_EDGE('',*,*,#874,.F.);
#1283=ORIENTED_EDGE('',*,*,#699,.F.);
#1284=ORIENTED_EDGE('',*,*,#696,.F.);
#1285=ORIENTED_EDGE('',*,*,#693,.F.);
#1286=ORIENTED_EDGE('',*,*,#690,.F.);
#1287=ORIENTED_EDGE('',*,*,#879,.T.);
#1288=ORIENTED_EDGE('',*,*,#882,.T.);
#1289=PLANE('',#1421);
#1290=PLANE('',#1422);
#1291=PLANE('',#1423);
#1292=PLANE('',#1424);
#1293=PLANE('',#1427);
#1294=PLANE('',#1428);
#1295=PLANE('',#1431);
#1296=PLANE('',#1432);
#1297=PLANE('',#1433);
#1298=PLANE('',#1434);
#1299=PLANE('',#1435);
#1300=PLANE('',#1436);
#1301=PLANE('',#1437);
#1302=PLANE('',#1438);
#1303=PLANE('',#1441);
#1304=PLANE('',#1444);
#1305=PLANE('',#1445);
#1306=PLANE('',#1446);
#1307=PLANE('',#1449);
#1308=PLANE('',#1452);
#1309=PLANE('',#1454);
#1310=PLANE('',#1462);
#1311=PLANE('',#1467);
#1312=PLANE('',#1492);
#1313=PLANE('',#1495);
#1314=PLANE('',#1498);
#1315=PLANE('',#1499);
#1316=PLANE('',#1502);
#1317=PLANE('',#1504);
#1318=PLANE('',#1506);
#1319=PLANE('',#1510);
#1320=PLANE('',#1521);
#1321=PLANE('',#1524);
#1322=PLANE('',#1525);
#1323=PLANE('',#1526);
#1324=PLANE('',#1530);
#1325=PLANE('',#1537);
#1326=ADVANCED_FACE('',(#148),#1289,.T.);
#1327=ADVANCED_FACE('',(#149),#136,.T.);
#1328=ADVANCED_FACE('',(#150),#1290,.T.);
#1329=ADVANCED_FACE('',(#151),#137,.T.);
#1330=ADVANCED_FACE('',(#152),#1291,.T.);
#1331=ADVANCED_FACE('',(#153),#1292,.T.);
#1332=ADVANCED_FACE('',(#154),#138,.T.);
#1333=ADVANCED_FACE('',(#155),#1293,.T.);
#1334=ADVANCED_FACE('',(#156),#139,.T.);
#1335=ADVANCED_FACE('',(#157),#1294,.T.);
#1336=ADVANCED_FACE('',(#158),#1295,.T.);
#1337=ADVANCED_FACE('',(#159),#1296,.T.);
#1338=ADVANCED_FACE('',(#160),#140,.T.);
#1339=ADVANCED_FACE('',(#161),#1297,.T.);
#1340=ADVANCED_FACE('',(#162),#141,.T.);
#1341=ADVANCED_FACE('',(#163),#1298,.T.);
#1342=ADVANCED_FACE('',(#164),#142,.T.);
#1343=ADVANCED_FACE('',(#165),#1299,.T.);
#1344=ADVANCED_FACE('',(#166),#143,.T.);
#1345=ADVANCED_FACE('',(#167),#1300,.T.);
#1346=ADVANCED_FACE('',(#168),#1301,.T.);
#1347=ADVANCED_FACE('',(#169),#144,.T.);
#1348=ADVANCED_FACE('',(#170),#1302,.T.);
#1349=ADVANCED_FACE('',(#171),#44,.F.);
#1350=ADVANCED_FACE('',(#172),#1303,.T.);
#1351=ADVANCED_FACE('',(#173),#45,.F.);
#1352=ADVANCED_FACE('',(#174),#1304,.T.);
#1353=ADVANCED_FACE('',(#175),#145,.T.);
#1354=ADVANCED_FACE('',(#176),#1305,.T.);
#1355=ADVANCED_FACE('',(#177),#146,.T.);
#1356=ADVANCED_FACE('',(#178),#1306,.T.);
#1357=ADVANCED_FACE('',(#179),#46,.F.);
#1358=ADVANCED_FACE('',(#180),#1307,.T.);
#1359=ADVANCED_FACE('',(#181),#47,.F.);
#1360=ADVANCED_FACE('',(#182),#1308,.T.);
#1361=ADVANCED_FACE('',(#183),#147,.T.);
#1362=ADVANCED_FACE('',(#184),#28,.F.);
#1363=ADVANCED_FACE('',(#185,#19,#20,#21),#1309,.T.);
#1364=ADVANCED_FACE('',(#186),#29,.F.);
#1365=ADVANCED_FACE('',(#187),#1310,.T.);
#1366=ADVANCED_FACE('',(#188),#1311,.T.);
#1367=ADVANCED_FACE('',(#189),#15,.T.);
#1368=ADVANCED_FACE('',(#190),#30,.F.);
#1369=ADVANCED_FACE('',(#191),#16,.T.);
#1370=ADVANCED_FACE('',(#192),#31,.F.);
#1371=ADVANCED_FACE('',(#193),#17,.T.);
#1372=ADVANCED_FACE('',(#194),#32,.F.);
#1373=ADVANCED_FACE('',(#195),#18,.T.);
#1374=ADVANCED_FACE('',(#196),#33,.F.);
#1375=ADVANCED_FACE('',(#197),#1312,.F.);
#1376=ADVANCED_FACE('',(#198),#34,.F.);
#1377=ADVANCED_FACE('',(#199),#1313,.F.);
#1378=ADVANCED_FACE('',(#200),#35,.F.);
#1379=ADVANCED_FACE('',(#201),#1314,.F.);
#1380=ADVANCED_FACE('',(#202),#1315,.T.);
#1381=ADVANCED_FACE('',(#203),#48,.F.);
#1382=ADVANCED_FACE('',(#204),#1316,.T.);
#1383=ADVANCED_FACE('',(#205),#49,.F.);
#1384=ADVANCED_FACE('',(#206),#1317,.T.);
#1385=ADVANCED_FACE('',(#207),#50,.F.);
#1386=ADVANCED_FACE('',(#208),#1318,.T.);
#1387=ADVANCED_FACE('',(#209),#51,.F.);
#1388=ADVANCED_FACE('',(#210),#36,.F.);
#1389=ADVANCED_FACE('',(#211),#1319,.F.);
#1390=ADVANCED_FACE('',(#212),#52,.F.);
#1391=ADVANCED_FACE('',(#213),#37,.F.);
#1392=ADVANCED_FACE('',(#214),#53,.F.);
#1393=ADVANCED_FACE('',(#215),#38,.F.);
#1394=ADVANCED_FACE('',(#216),#54,.F.);
#1395=ADVANCED_FACE('',(#217,#22,#23),#1320,.F.);
#1396=ADVANCED_FACE('',(#218),#55,.F.);
#1397=ADVANCED_FACE('',(#219),#1321,.T.);
#1398=ADVANCED_FACE('',(#220),#1322,.T.);
#1399=ADVANCED_FACE('',(#221,#24,#25),#1323,.T.);
#1400=ADVANCED_FACE('',(#222),#39,.F.);
#1401=ADVANCED_FACE('',(#223),#1324,.F.);
#1402=ADVANCED_FACE('',(#224),#40,.F.);
#1403=ADVANCED_FACE('',(#225),#41,.F.);
#1404=ADVANCED_FACE('',(#226),#42,.F.);
#1405=ADVANCED_FACE('',(#227),#43,.F.);
#1406=ADVANCED_FACE('',(#228,#26,#27),#1325,.T.);
#1407=CLOSED_SHELL('',(#1326,#1327,#1328,#1329,#1330,#1331,#1332,#1333,
#1334,#1335,#1336,#1337,#1338,#1339,#1340,#1341,#1342,#1343,#1344,#1345,
#1346,#1347,#1348,#1349,#1350,#1351,#1352,#1353,#1354,#1355,#1356,#1357,
#1358,#1359,#1360,#1361,#1362,#1363,#1364,#1365,#1366,#1367,#1368,#1369,
#1370,#1371,#1372,#1373,#1374,#1375,#1376,#1377,#1378,#1379,#1380,#1381,
#1382,#1383,#1384,#1385,#1386,#1387,#1388,#1389,#1390,#1391,#1392,#1393,
#1394,#1395,#1396,#1397,#1398,#1399,#1400,#1401,#1402,#1403,#1404,#1405,
#1406));
#1408=DERIVED_UNIT_ELEMENT(#1410,1.);
#1409=DERIVED_UNIT_ELEMENT(#2753,-3.);
#1410=(
MASS_UNIT()
NAMED_UNIT(*)
SI_UNIT(.KILO.,.GRAM.)
);
#1411=DERIVED_UNIT((#1408,#1409));
#1412=MEASURE_REPRESENTATION_ITEM('density measure',
POSITIVE_RATIO_MEASURE(7850.),#1411);
#1413=PROPERTY_DEFINITION_REPRESENTATION(#1418,#1415);
#1414=PROPERTY_DEFINITION_REPRESENTATION(#1419,#1416);
#1415=REPRESENTATION('material name',(#1417),#2750);
#1416=REPRESENTATION('density',(#1412),#2750);
#1417=DESCRIPTIVE_REPRESENTATION_ITEM('Steel','Steel');
#1418=PROPERTY_DEFINITION('material property','material name',#2760);
#1419=PROPERTY_DEFINITION('material property','density of part',#2760);
#1420=AXIS2_PLACEMENT_3D('',#1896,#1538,#1539);
#1421=AXIS2_PLACEMENT_3D('',#1897,#1540,#1541);
#1422=AXIS2_PLACEMENT_3D('',#1947,#1548,#1549);
#1423=AXIS2_PLACEMENT_3D('',#1992,#1554,#1555);
#1424=AXIS2_PLACEMENT_3D('',#2000,#1560,#1561);
#1425=AXIS2_PLACEMENT_3D('',#2009,#1563,#1564);
#1426=AXIS2_PLACEMENT_3D('',#2013,#1566,#1567);
#1427=AXIS2_PLACEMENT_3D('',#2059,#1571,#1572);
#1428=AXIS2_PLACEMENT_3D('',#2101,#1574,#1575);
#1429=AXIS2_PLACEMENT_3D('',#2114,#1579,#1580);
#1430=AXIS2_PLACEMENT_3D('',#2118,#1582,#1583);
#1431=AXIS2_PLACEMENT_3D('',#2120,#1585,#1586);
#1432=AXIS2_PLACEMENT_3D('',#2128,#1591,#1592);
#1433=AXIS2_PLACEMENT_3D('',#2173,#1597,#1598);
#1434=AXIS2_PLACEMENT_3D('',#2217,#1603,#1604);
#1435=AXIS2_PLACEMENT_3D('',#2258,#1608,#1609);
#1436=AXIS2_PLACEMENT_3D('',#2295,#1611,#1612);
#1437=AXIS2_PLACEMENT_3D('',#2301,#1616,#1617);
#1438=AXIS2_PLACEMENT_3D('',#2339,#1622,#1623);
#1439=AXIS2_PLACEMENT_3D('',#2343,#1626,#1627);
#1440=AXIS2_PLACEMENT_3D('',#2345,#1628,#1629);
#1441=AXIS2_PLACEMENT_3D('',#2347,#1631,#1632);
#1442=AXIS2_PLACEMENT_3D('',#2351,#1635,#1636);
#1443=AXIS2_PLACEMENT_3D('',#2353,#1637,#1638);
#1444=AXIS2_PLACEMENT_3D('',#2355,#1640,#1641);
#1445=AXIS2_PLACEMENT_3D('',#2391,#1645,#1646);
#1446=AXIS2_PLACEMENT_3D('',#2427,#1650,#1651);
#1447=AXIS2_PLACEMENT_3D('',#2431,#1654,#1655);
#1448=AXIS2_PLACEMENT_3D('',#2433,#1656,#1657);
#1449=AXIS2_PLACEMENT_3D('',#2435,#1659,#1660);
#1450=AXIS2_PLACEMENT_3D('',#2439,#1663,#1664);
#1451=AXIS2_PLACEMENT_3D('',#2441,#1665,#1666);
#1452=AXIS2_PLACEMENT_3D('',#2443,#1668,#1669);
#1453=AXIS2_PLACEMENT_3D('',#2477,#1672,#1673);
#1454=AXIS2_PLACEMENT_3D('',#2506,#1678,#1679);
#1455=AXIS2_PLACEMENT_3D('',#2512,#1682,#1683);
#1456=AXIS2_PLACEMENT_3D('',#2516,#1685,#1686);
#1457=AXIS2_PLACEMENT_3D('',#2520,#1688,#1689);
#1458=AXIS2_PLACEMENT_3D('',#2523,#1691,#1692);
#1459=AXIS2_PLACEMENT_3D('',#2525,#1693,#1694);
#1460=AXIS2_PLACEMENT_3D('',#2527,#1695,#1696);
#1461=AXIS2_PLACEMENT_3D('',#2528,#1697,#1698);
#1462=AXIS2_PLACEMENT_3D('',#2556,#1702,#1703);
#1463=AXIS2_PLACEMENT_3D('',#2558,#1704,#1705);
#1464=AXIS2_PLACEMENT_3D('',#2559,#1706,#1707);
#1465=AXIS2_PLACEMENT_3D('',#2561,#1708,#1709);
#1466=AXIS2_PLACEMENT_3D('',#2562,#1710,#1711);
#1467=AXIS2_PLACEMENT_3D('',#2563,#1712,#1713);
#1468=AXIS2_PLACEMENT_3D('',#2565,#1714,#1715);
#1469=AXIS2_PLACEMENT_3D('',#2566,#1716,#1717);
#1470=AXIS2_PLACEMENT_3D('',#2568,#1718,#1719);
#1471=AXIS2_PLACEMENT_3D('',#2569,#1720,#1721);
#1472=AXIS2_PLACEMENT_3D('',#2581,#1722,#1723);
#1473=AXIS2_PLACEMENT_3D('',#2583,#1724,#1725);
#1474=AXIS2_PLACEMENT_3D('',#2585,#1726,#1727);
#1475=AXIS2_PLACEMENT_3D('',#2586,#1728,#1729);
#1476=AXIS2_PLACEMENT_3D('',#2587,#1730,#1731);
#1477=AXIS2_PLACEMENT_3D('',#2590,#1732,#1733);
#1478=AXIS2_PLACEMENT_3D('',#2604,#1736,#1737);
#1479=AXIS2_PLACEMENT_3D('',#2605,#1738,#1739);
#1480=AXIS2_PLACEMENT_3D('',#2606,#1740,#1741);
#1481=AXIS2_PLACEMENT_3D('',#2607,#1742,#1743);
#1482=AXIS2_PLACEMENT_3D('',#2610,#1744,#1745);
#1483=AXIS2_PLACEMENT_3D('',#2624,#1748,#1749);
#1484=AXIS2_PLACEMENT_3D('',#2625,#1750,#1751);
#1485=AXIS2_PLACEMENT_3D('',#2626,#1752,#1753);
#1486=AXIS2_PLACEMENT_3D('',#2627,#1754,#1755);
#1487=AXIS2_PLACEMENT_3D('',#2630,#1756,#1757);
#1488=AXIS2_PLACEMENT_3D('',#2644,#1760,#1761);
#1489=AXIS2_PLACEMENT_3D('',#2645,#1762,#1763);
#1490=AXIS2_PLACEMENT_3D('',#2646,#1764,#1765);
#1491=AXIS2_PLACEMENT_3D('',#2647,#1766,#1767);
#1492=AXIS2_PLACEMENT_3D('',#2650,#1770,#1771);
#1493=AXIS2_PLACEMENT_3D('',#2656,#1775,#1776);
#1494=AXIS2_PLACEMENT_3D('',#2659,#1778,#1779);
#1495=AXIS2_PLACEMENT_3D('',#2660,#1780,#1781);
#1496=AXIS2_PLACEMENT_3D('',#2664,#1784,#1785);
#1497=AXIS2_PLACEMENT_3D('',#2667,#1787,#1788);
#1498=AXIS2_PLACEMENT_3D('',#2668,#1789,#1790);
#1499=AXIS2_PLACEMENT_3D('',#2669,#1791,#1792);
#1500=AXIS2_PLACEMENT_3D('',#2675,#1796,#1797);
#1501=AXIS2_PLACEMENT_3D('',#2676,#1798,#1799);
#1502=AXIS2_PLACEMENT_3D('',#2678,#1801,#1802);
#1503=AXIS2_PLACEMENT_3D('',#2680,#1804,#1805);
#1504=AXIS2_PLACEMENT_3D('',#2682,#1807,#1808);
#1505=AXIS2_PLACEMENT_3D('',#2684,#1810,#1811);
#1506=AXIS2_PLACEMENT_3D('',#2686,#1813,#1814);
#1507=AXIS2_PLACEMENT_3D('',#2690,#1817,#1818);
#1508=AXIS2_PLACEMENT_3D('',#2691,#1819,#1820);
#1509=AXIS2_PLACEMENT_3D('',#2692,#1821,#1822);
#1510=AXIS2_PLACEMENT_3D('',#2694,#1824,#1825);
#1511=AXIS2_PLACEMENT_3D('',#2696,#1827,#1828);
#1512=AXIS2_PLACEMENT_3D('',#2699,#1830,#1831);
#1513=AXIS2_PLACEMENT_3D('',#2700,#1832,#1833);
#1514=AXIS2_PLACEMENT_3D('',#2703,#1835,#1836);
#1515=AXIS2_PLACEMENT_3D('',#2704,#1837,#1838);
#1516=AXIS2_PLACEMENT_3D('',#2707,#1840,#1841);
#1517=AXIS2_PLACEMENT_3D('',#2708,#1842,#1843);
#1518=AXIS2_PLACEMENT_3D('',#2711,#1845,#1846);
#1519=AXIS2_PLACEMENT_3D('',#2712,#1847,#1848);
#1520=AXIS2_PLACEMENT_3D('',#2714,#1849,#1850);
#1521=AXIS2_PLACEMENT_3D('',#2716,#1852,#1853);
#1522=AXIS2_PLACEMENT_3D('',#2720,#1856,#1857);
#1523=AXIS2_PLACEMENT_3D('',#2721,#1858,#1859);
#1524=AXIS2_PLACEMENT_3D('',#2723,#1861,#1862);
#1525=AXIS2_PLACEMENT_3D('',#2725,#1864,#1865);
#1526=AXIS2_PLACEMENT_3D('',#2727,#1867,#1868);
#1527=AXIS2_PLACEMENT_3D('',#2729,#1869,#1870);
#1528=AXIS2_PLACEMENT_3D('',#2731,#1871,#1872);
#1529=AXIS2_PLACEMENT_3D('',#2732,#1873,#1874);
#1530=AXIS2_PLACEMENT_3D('',#2734,#1876,#1877);
#1531=AXIS2_PLACEMENT_3D('',#2735,#1878,#1879);
#1532=AXIS2_PLACEMENT_3D('',#2737,#1880,#1881);
#1533=AXIS2_PLACEMENT_3D('',#2739,#1883,#1884);
#1534=AXIS2_PLACEMENT_3D('',#2741,#1886,#1887);
#1535=AXIS2_PLACEMENT_3D('',#2743,#1888,#1889);
#1536=AXIS2_PLACEMENT_3D('',#2745,#1891,#1892);
#1537=AXIS2_PLACEMENT_3D('',#2747,#1894,#1895);
#1538=DIRECTION('axis',(0.,0.,1.));
#1539=DIRECTION('refdir',(1.,0.,0.));
#1540=DIRECTION('center_axis',(-0.707106781186548,0.707106781186548,0.));
#1541=DIRECTION('ref_axis',(0.,0.,1.));
#1542=DIRECTION('',(-0.577350269189626,-0.577350269189626,0.577350269189626));
#1543=DIRECTION('',(0.,0.,1.));
#1544=DIRECTION('',(0.707106781186548,0.707106781186548,0.));
#1545=DIRECTION('',(0.,0.,-1.));
#1546=DIRECTION('',(-0.577350269189626,-0.577350269189626,-0.577350269189626));
#1547=DIRECTION('',(0.707106781186552,0.,0.707106781186543));
#1548=DIRECTION('center_axis',(-0.707106781186548,0.,0.707106781186548));
#1549=DIRECTION('ref_axis',(0.707106781186548,0.,0.707106781186548));
#1550=DIRECTION('',(0.707106781186548,0.,0.707106781186548));
#1551=DIRECTION('',(0.,1.,0.));
#1552=DIRECTION('',(0.,-1.,0.));
#1553=DIRECTION('',(0.707106781186548,-0.707106781186547,1.96261557335472E-15));
#1554=DIRECTION('center_axis',(-0.707106781186548,-0.707106781186547,0.));
#1555=DIRECTION('ref_axis',(0.,0.,1.));
#1556=DIRECTION('',(0.577350269189626,-0.577350269189626,0.577350269189626));
#1557=DIRECTION('',(0.,0.,1.));
#1558=DIRECTION('',(0.,0.,-1.));
#1559=DIRECTION('',(0.577350269189626,-0.577350269189626,-0.577350269189625));
#1560=DIRECTION('center_axis',(0.,1.,0.));
#1561=DIRECTION('ref_axis',(-1.,0.,0.));
#1562=DIRECTION('',(0.,0.,1.));
#1563=DIRECTION('center_axis',(0.,1.,0.));
#1564=DIRECTION('ref_axis',(-0.707106781186548,0.,-0.707106781186548));
#1565=DIRECTION('',(-1.,0.,0.));
#1566=DIRECTION('center_axis',(0.,1.,0.));
#1567=DIRECTION('ref_axis',(0.707106781186547,0.,-0.707106781186547));
#1568=DIRECTION('',(0.,0.,-1.));
#1569=DIRECTION('',(0.,0.,1.));
#1570=DIRECTION('',(1.,0.,0.));
#1571=DIRECTION('center_axis',(0.,0.,1.));
#1572=DIRECTION('ref_axis',(1.,0.,0.));
#1573=DIRECTION('',(0.,-1.,0.));
#1574=DIRECTION('center_axis',(-2.38316511104032E-33,-1.,0.));
#1575=DIRECTION('ref_axis',(1.,-2.38316511104032E-33,0.));
#1576=DIRECTION('',(-1.,2.38316511104032E-33,0.));
#1577=DIRECTION('',(0.,0.,-1.));
#1578=DIRECTION('',(0.,0.,1.));
#1579=DIRECTION('center_axis',(-2.38316511104032E-33,-1.,0.));
#1580=DIRECTION('ref_axis',(0.707106781186547,-1.6851522107038E-33,-0.707106781186547));
#1581=DIRECTION('',(1.,-2.38316511104032E-33,0.));
#1582=DIRECTION('center_axis',(-2.38316511104032E-33,-1.,0.));
#1583=DIRECTION('ref_axis',(-0.707106781186548,1.6851522107038E-33,-0.707106781186548));
#1584=DIRECTION('',(0.,0.,-1.));
#1585=DIRECTION('center_axis',(-1.6851522107038E-33,-0.707106781186547,
-0.707106781186548));
#1586=DIRECTION('ref_axis',(-1.,0.,2.38316511104032E-33));
#1587=DIRECTION('',(-0.577350269189626,-0.577350269189626,0.577350269189626));
#1588=DIRECTION('',(1.,-2.38316511104032E-33,0.));
#1589=DIRECTION('',(0.577350269189626,-0.577350269189626,0.577350269189626));
#1590=DIRECTION('',(0.577350269189626,0.577350269189626,-0.577350269189625));
#1591=DIRECTION('center_axis',(0.707106781186547,-0.707106781186548,0.));
#1592=DIRECTION('ref_axis',(0.,0.,-1.));
#1593=DIRECTION('',(0.577350269189626,0.577350269189626,0.577350269189626));
#1594=DIRECTION('',(0.,0.,1.));
#1595=DIRECTION('',(-0.707106781186548,-0.707106781186547,0.));
#1596=DIRECTION('',(-0.707106781186546,0.,0.707106781186549));
#1597=DIRECTION('center_axis',(0.707106781186548,0.,0.707106781186548));
#1598=DIRECTION('ref_axis',(0.707106781186548,0.,-0.707106781186548));
#1599=DIRECTION('',(-0.707106781186548,0.,0.707106781186548));
#1600=DIRECTION('',(0.,-1.,0.));
#1601=DIRECTION('',(0.,1.,0.));
#1602=DIRECTION('',(-0.707106781186548,0.707106781186548,0.));
#1603=DIRECTION('center_axis',(0.707106781186548,0.707106781186548,0.));
#1604=DIRECTION('ref_axis',(0.,0.,-1.));
#1605=DIRECTION('',(-0.577350269189626,0.577350269189626,0.577350269189626));
#1606=DIRECTION('',(0.,0.,-1.));
#1607=DIRECTION('',(-0.577350269189626,0.577350269189626,-0.577350269189626));
#1608=DIRECTION('center_axis',(0.,0.,1.));
#1609=DIRECTION('ref_axis',(1.,0.,0.));
#1610=DIRECTION('',(0.,1.,0.));
#1611=DIRECTION('center_axis',(0.,0.707106781186547,-0.707106781186548));
#1612=DIRECTION('ref_axis',(-1.,0.,0.));
#1613=DIRECTION('',(0.577350269189626,0.577350269189626,0.577350269189626));
#1614=DIRECTION('',(-1.,0.,0.));
#1615=DIRECTION('',(0.577350269189626,-0.577350269189626,-0.577350269189626));
#1616=DIRECTION('center_axis',(-0.707106781186547,0.,0.707106781186548));
#1617=DIRECTION('ref_axis',(0.707106781186548,0.,0.707106781186547));
#1618=DIRECTION('',(0.707106781186548,0.,0.707106781186547));
#1619=DIRECTION('',(-0.707106781186548,0.,-0.707106781186547));
#1620=DIRECTION('',(0.,-1.,0.));
#1621=DIRECTION('',(0.707106781186549,-0.707106781186546,1.96261557335472E-15));
#1622=DIRECTION('center_axis',(-0.707106781186548,-0.707106781186548,0.));
#1623=DIRECTION('ref_axis',(0.,0.,1.));
#1624=DIRECTION('',(0.,0.,-1.));
#1625=DIRECTION('',(0.707106781186548,-0.707106781186548,0.));
#1626=DIRECTION('center_axis',(0.,-1.,0.));
#1627=DIRECTION('ref_axis',(0.707106781186548,-9.04989150192783E-34,-0.707106781186548));
#1628=DIRECTION('center_axis',(2.38316511104032E-33,1.,0.));
#1629=DIRECTION('ref_axis',(0.707106781186547,0.,-0.707106781186547));
#1630=DIRECTION('',(0.,-0.707106781186547,-0.707106781186548));
#1631=DIRECTION('center_axis',(-1.6851522107038E-33,-0.707106781186547,
0.707106781186548));
#1632=DIRECTION('ref_axis',(1.,0.,2.38316511104032E-33));
#1633=DIRECTION('',(-1.,2.38316511104032E-33,0.));
#1634=DIRECTION('',(0.,-0.707106781186548,-0.707106781186547));
#1635=DIRECTION('center_axis',(0.,-1.,0.));
#1636=DIRECTION('ref_axis',(-0.707106781186547,9.04989150192783E-34,-0.707106781186547));
#1637=DIRECTION('center_axis',(2.38316511104032E-33,1.,0.));
#1638=DIRECTION('ref_axis',(-0.707106781186547,0.,-0.707106781186547));
#1639=DIRECTION('',(-0.707106781186548,-0.707106781186548,0.));
#1640=DIRECTION('center_axis',(0.707106781186545,-0.70710678118655,0.));
#1641=DIRECTION('ref_axis',(0.,0.,-1.));
#1642=DIRECTION('',(-0.70710678118655,-0.707106781186545,0.));
#1643=DIRECTION('',(0.,0.,1.));
#1644=DIRECTION('',(-0.707106781186543,0.,0.707106781186552));
#1645=DIRECTION('center_axis',(0.707106781186547,0.,0.707106781186548));
#1646=DIRECTION('ref_axis',(0.707106781186548,0.,-0.707106781186547));
#1647=DIRECTION('',(-0.707106781186548,0.,0.707106781186547));
#1648=DIRECTION('',(0.,1.,0.));
#1649=DIRECTION('',(-0.70710678118655,0.707106781186544,0.));
#1650=DIRECTION('center_axis',(0.707106781186544,0.707106781186551,0.));
#1651=DIRECTION('ref_axis',(0.,0.,-1.));
#1652=DIRECTION('',(0.,0.,-1.));
#1653=DIRECTION('',(-0.707106781186551,0.707106781186544,0.));
#1654=DIRECTION('center_axis',(0.,1.,0.));
#1655=DIRECTION('ref_axis',(-0.707106781186547,0.,-0.707106781186547));
#1656=DIRECTION('center_axis',(0.,-1.,0.));
#1657=DIRECTION('ref_axis',(-0.707106781186547,0.,-0.707106781186547));
#1658=DIRECTION('',(0.,0.707106781186548,-0.707106781186548));
#1659=DIRECTION('center_axis',(0.,0.707106781186547,0.707106781186548));
#1660=DIRECTION('ref_axis',(1.,0.,0.));
#1661=DIRECTION('',(1.,0.,0.));
#1662=DIRECTION('',(0.,0.707106781186548,-0.707106781186547));
#1663=DIRECTION('center_axis',(0.,1.,0.));
#1664=DIRECTION('ref_axis',(0.707106781186548,0.,-0.707106781186548));
#1665=DIRECTION('center_axis',(0.,-1.,0.));
#1666=DIRECTION('ref_axis',(0.707106781186547,0.,-0.707106781186547));
#1667=DIRECTION('',(0.707106781186555,0.70710678118654,0.));
#1668=DIRECTION('center_axis',(-0.707106781186548,0.707106781186548,0.));
#1669=DIRECTION('ref_axis',(0.,0.,1.));
#1670=DIRECTION('',(0.707106781186555,0.70710678118654,0.));
#1671=DIRECTION('',(0.,0.,1.));
#1672=DIRECTION('center_axis',(0.,-1.,0.));
#1673=DIRECTION('ref_axis',(-0.707106781186547,0.,-0.707106781186547));
#1674=DIRECTION('',(0.,1.,0.));
#1675=DIRECTION('',(0.,-1.,0.));
#1676=DIRECTION('',(0.,-1.,0.));
#1677=DIRECTION('',(0.,-1.,0.));
#1678=DIRECTION('center_axis',(0.,0.,1.));
#1679=DIRECTION('ref_axis',(1.,0.,0.));
#1680=DIRECTION('',(0.,-1.,0.));
#1681=DIRECTION('',(0.,-1.,0.));
#1682=DIRECTION('center_axis',(0.,0.,1.));
#1683=DIRECTION('ref_axis',(-0.707106781186552,0.707106781186543,0.));
#1684=DIRECTION('',(-1.,0.,0.));
#1685=DIRECTION('center_axis',(0.,0.,1.));
#1686=DIRECTION('ref_axis',(0.707106781186543,0.707106781186552,0.));
#1687=DIRECTION('',(0.,1.,0.));
#1688=DIRECTION('center_axis',(0.,0.,1.));
#1689=DIRECTION('ref_axis',(0.707106781186552,-0.707106781186543,0.));
#1690=DIRECTION('',(1.,0.,0.));
#1691=DIRECTION('center_axis',(0.,0.,1.));
#1692=DIRECTION('ref_axis',(-0.707106781186543,-0.707106781186552,0.));
#1693=DIRECTION('center_axis',(0.,0.,1.));
#1694=DIRECTION('ref_axis',(-1.,0.,0.));
#1695=DIRECTION('center_axis',(0.,0.,1.));
#1696=DIRECTION('ref_axis',(-1.,0.,0.));
#1697=DIRECTION('center_axis',(0.,1.,0.));
#1698=DIRECTION('ref_axis',(0.707106781186547,0.,-0.707106781186547));
#1699=DIRECTION('',(0.,1.,0.));
#1700=DIRECTION('',(0.,1.,0.));
#1701=DIRECTION('',(0.,1.,0.));
#1702=DIRECTION('center_axis',(-1.,0.,0.));
#1703=DIRECTION('ref_axis',(0.,-1.,0.));
#1704=DIRECTION('center_axis',(1.,0.,0.));
#1705=DIRECTION('ref_axis',(0.,-1.,0.));
#1706=DIRECTION('center_axis',(1.,0.,0.));
#1707=DIRECTION('ref_axis',(0.,-1.,0.));
#1708=DIRECTION('center_axis',(1.,0.,0.));
#1709=DIRECTION('ref_axis',(0.,-1.,0.));
#1710=DIRECTION('center_axis',(1.,0.,0.));
#1711=DIRECTION('ref_axis',(0.,-1.,0.));
#1712=DIRECTION('center_axis',(1.,0.,0.));
#1713=DIRECTION('ref_axis',(0.,1.,0.));
#1714=DIRECTION('center_axis',(-1.,0.,0.));
#1715=DIRECTION('ref_axis',(0.,-1.,0.));
#1716=DIRECTION('center_axis',(-1.,0.,0.));
#1717=DIRECTION('ref_axis',(0.,-1.,0.));
#1718=DIRECTION('center_axis',(-1.,0.,0.));
#1719=DIRECTION('ref_axis',(0.,-1.,0.));
#1720=DIRECTION('center_axis',(-1.,0.,0.));
#1721=DIRECTION('ref_axis',(0.,-1.,0.));
#1722=DIRECTION('center_axis',(-1.,0.,0.));
#1723=DIRECTION('ref_axis',(0.,0.,-1.));
#1724=DIRECTION('center_axis',(0.,0.,1.));
#1725=DIRECTION('ref_axis',(0.707106781186545,-0.70710678118655,0.));
#1726=DIRECTION('center_axis',(0.,1.,0.));
#1727=DIRECTION('ref_axis',(1.,0.,0.));
#1728=DIRECTION('center_axis',(0.,0.,-1.));
#1729=DIRECTION('ref_axis',(0.707106781186545,-0.707106781186551,0.));
#1730=DIRECTION('center_axis',(0.,-1.,0.));
#1731=DIRECTION('ref_axis',(0.70710678118655,0.,-0.707106781186545));
#1732=DIRECTION('center_axis',(0.,1.,0.));
#1733=DIRECTION('ref_axis',(1.,0.,0.));
#1734=DIRECTION('',(0.,-1.,0.));
#1735=DIRECTION('',(0.,1.,0.));
#1736=DIRECTION('center_axis',(-1.,0.,0.));
#1737=DIRECTION('ref_axis',(0.,1.,0.));
#1738=DIRECTION('center_axis',(0.,0.,-1.));
#1739=DIRECTION('ref_axis',(0.707106781186547,0.707106781186547,0.));
#1740=DIRECTION('center_axis',(0.,0.,1.));
#1741=DIRECTION('ref_axis',(0.707106781186548,0.707106781186548,0.));
#1742=DIRECTION('center_axis',(1.,0.,0.));
#1743=DIRECTION('ref_axis',(0.,0.707106781186545,-0.70710678118655));
#1744=DIRECTION('center_axis',(-1.,0.,0.));
#1745=DIRECTION('ref_axis',(0.,1.,0.));
#1746=DIRECTION('',(1.,0.,0.));
#1747=DIRECTION('',(-1.,0.,0.));
#1748=DIRECTION('center_axis',(0.,-1.,0.));
#1749=DIRECTION('ref_axis',(-1.,0.,0.));
#1750=DIRECTION('center_axis',(0.,0.,-1.));
#1751=DIRECTION('ref_axis',(-0.707106781186545,0.707106781186551,0.));
#1752=DIRECTION('center_axis',(0.,0.,1.));
#1753=DIRECTION('ref_axis',(-0.707106781186545,0.70710678118655,0.));
#1754=DIRECTION('center_axis',(0.,1.,0.));
#1755=DIRECTION('ref_axis',(-0.70710678118655,0.,-0.707106781186545));
#1756=DIRECTION('center_axis',(0.,-1.,0.));
#1757=DIRECTION('ref_axis',(-1.,0.,0.));
#1758=DIRECTION('',(0.,1.,0.));
#1759=DIRECTION('',(0.,-1.,0.));
#1760=DIRECTION('center_axis',(1.,0.,0.));
#1761=DIRECTION('ref_axis',(0.,-1.,0.));
#1762=DIRECTION('center_axis',(0.,0.,-1.));
#1763=DIRECTION('ref_axis',(-0.707106781186547,-0.707106781186547,0.));
#1764=DIRECTION('center_axis',(0.,0.,1.));
#1765=DIRECTION('ref_axis',(-0.707106781186548,-0.707106781186548,0.));
#1766=DIRECTION('center_axis',(-1.,0.,0.));
#1767=DIRECTION('ref_axis',(0.,-0.707106781186545,-0.70710678118655));
#1768=DIRECTION('',(1.,0.,0.));
#1769=DIRECTION('',(-1.,0.,0.));
#1770=DIRECTION('center_axis',(0.,1.,0.));
#1771=DIRECTION('ref_axis',(1.,0.,0.));
#1772=DIRECTION('',(0.,0.,-1.));
#1773=DIRECTION('',(1.,0.,0.));
#1774=DIRECTION('',(0.,0.,1.));
#1775=DIRECTION('center_axis',(0.,0.,-1.));
#1776=DIRECTION('ref_axis',(0.707106781186543,0.707106781186552,0.));
#1777=DIRECTION('',(0.,0.,1.));
#1778=DIRECTION('center_axis',(0.,0.,-1.));
#1779=DIRECTION('ref_axis',(0.707106781186543,0.707106781186552,0.));
#1780=DIRECTION('center_axis',(1.,0.,0.));
#1781=DIRECTION('ref_axis',(0.,-1.,0.));
#1782=DIRECTION('',(0.,0.,-1.));
#1783=DIRECTION('',(0.,-1.,0.));
#1784=DIRECTION('center_axis',(0.,0.,-1.));
#1785=DIRECTION('ref_axis',(0.707106781186552,-0.707106781186543,0.));
#1786=DIRECTION('',(0.,0.,1.));
#1787=DIRECTION('center_axis',(0.,0.,-1.));
#1788=DIRECTION('ref_axis',(0.707106781186552,-0.707106781186543,0.));
#1789=DIRECTION('center_axis',(0.,0.,-1.));
#1790=DIRECTION('ref_axis',(-1.,0.,0.));
#1791=DIRECTION('center_axis',(0.707106781186548,0.,0.707106781186548));
#1792=DIRECTION('ref_axis',(0.707106781186548,0.,-0.707106781186548));
#1793=DIRECTION('',(-0.707106781186548,0.,0.707106781186548));
#1794=DIRECTION('',(0.707106781186548,0.,-0.707106781186548));
#1795=DIRECTION('',(0.,1.,0.));
#1796=DIRECTION('center_axis',(0.,0.,1.));
#1797=DIRECTION('ref_axis',(-0.707106781186552,0.707106781186543,0.));
#1798=DIRECTION('center_axis',(0.,0.,-1.));
#1799=DIRECTION('ref_axis',(-0.707106781186552,0.707106781186543,0.));
#1800=DIRECTION('',(0.,0.707106781186548,0.707106781186547));
#1801=DIRECTION('center_axis',(0.,-0.707106781186548,0.707106781186548));
#1802=DIRECTION('ref_axis',(1.,0.,0.));
#1803=DIRECTION('',(0.,0.707106781186548,0.707106781186548));
#1804=DIRECTION('center_axis',(0.,0.,1.));
#1805=DIRECTION('ref_axis',(0.707106781186543,0.707106781186552,0.));
#1806=DIRECTION('',(0.707106781186556,0.,0.707106781186539));
#1807=DIRECTION('center_axis',(-0.707106781186548,0.,0.707106781186548));
#1808=DIRECTION('ref_axis',(0.707106781186548,0.,0.707106781186548));
#1809=DIRECTION('',(0.707106781186548,0.,0.707106781186548));
#1810=DIRECTION('center_axis',(0.,0.,1.));
#1811=DIRECTION('ref_axis',(0.707106781186552,-0.707106781186543,0.));
#1812=DIRECTION('',(0.,-0.707106781186548,0.707106781186547));
#1813=DIRECTION('center_axis',(0.,0.707106781186548,0.707106781186548));
#1814=DIRECTION('ref_axis',(1.,0.,0.));
#1815=DIRECTION('',(0.,-0.707106781186548,0.707106781186548));
#1816=DIRECTION('',(-1.,0.,0.));
#1817=DIRECTION('center_axis',(0.,0.,1.));
#1818=DIRECTION('ref_axis',(-0.707106781186543,-0.707106781186552,0.));
#1819=DIRECTION('center_axis',(0.,0.,-1.));
#1820=DIRECTION('ref_axis',(-0.707106781186543,-0.707106781186552,0.));
#1821=DIRECTION('center_axis',(0.,0.,-1.));
#1822=DIRECTION('ref_axis',(-0.707106781186552,0.707106781186543,0.));
#1823=DIRECTION('',(0.,0.,-1.));
#1824=DIRECTION('center_axis',(-1.,0.,0.));
#1825=DIRECTION('ref_axis',(0.,1.,0.));
#1826=DIRECTION('',(0.,0.,1.));
#1827=DIRECTION('center_axis',(0.,0.,1.));
#1828=DIRECTION('ref_axis',(-1.,0.,0.));
#1829=DIRECTION('',(-0.707106781186548,-8.65956056235494E-17,-0.707106781186547));
#1830=DIRECTION('center_axis',(0.,0.,-1.));
#1831=DIRECTION('ref_axis',(-1.,0.,0.));
#1832=DIRECTION('center_axis',(0.,0.,-1.));
#1833=DIRECTION('ref_axis',(-1.,0.,0.));
#1834=DIRECTION('',(0.,0.,-1.));
#1835=DIRECTION('center_axis',(0.,0.,1.));
#1836=DIRECTION('ref_axis',(-1.,0.,0.));
#1837=DIRECTION('center_axis',(0.,0.,1.));
#1838=DIRECTION('ref_axis',(-1.,0.,0.));
#1839=DIRECTION('',(-0.707106781186548,-8.65956056235494E-17,-0.707106781186547));
#1840=DIRECTION('center_axis',(0.,0.,-1.));
#1841=DIRECTION('ref_axis',(-1.,0.,0.));
#1842=DIRECTION('center_axis',(0.,0.,-1.));
#1843=DIRECTION('ref_axis',(-1.,0.,0.));
#1844=DIRECTION('',(0.,0.,-1.));
#1845=DIRECTION('center_axis',(0.,0.,1.));
#1846=DIRECTION('ref_axis',(-1.,0.,0.));
#1847=DIRECTION('center_axis',(0.,0.,-1.));
#1848=DIRECTION('ref_axis',(-1.,0.,0.));
#1849=DIRECTION('center_axis',(0.,0.,-1.));
#1850=DIRECTION('ref_axis',(-1.,0.,0.));
#1851=DIRECTION('',(-0.707106781186548,8.65956056235494E-17,0.707106781186547));
#1852=DIRECTION('center_axis',(0.,0.,1.));
#1853=DIRECTION('ref_axis',(1.,0.,0.));
#1854=DIRECTION('',(0.,1.,0.));
#1855=DIRECTION('',(0.,-1.,0.));
#1856=DIRECTION('center_axis',(0.,0.,-1.));
#1857=DIRECTION('ref_axis',(-1.,0.,0.));
#1858=DIRECTION('center_axis',(0.,0.,-1.));
#1859=DIRECTION('ref_axis',(-1.,0.,0.));
#1860=DIRECTION('',(-0.707106781186548,8.65956056235494E-17,0.707106781186547));
#1861=DIRECTION('center_axis',(-0.707106781186547,0.,-0.707106781186548));
#1862=DIRECTION('ref_axis',(-0.707106781186548,0.,0.707106781186547));
#1863=DIRECTION('',(0.,1.,0.));
#1864=DIRECTION('center_axis',(0.707106781186547,0.,-0.707106781186548));
#1865=DIRECTION('ref_axis',(-0.707106781186548,0.,-0.707106781186547));
#1866=DIRECTION('',(0.,-1.,0.));
#1867=DIRECTION('center_axis',(1.,0.,0.));
#1868=DIRECTION('ref_axis',(0.,1.,0.));
#1869=DIRECTION('center_axis',(-1.,0.,0.));
#1870=DIRECTION('ref_axis',(0.,-1.,0.));
#1871=DIRECTION('center_axis',(-1.,0.,0.));
#1872=DIRECTION('ref_axis',(0.,-1.,0.));
#1873=DIRECTION('center_axis',(0.,0.,-1.));
#1874=DIRECTION('ref_axis',(-0.707106781186543,-0.707106781186552,0.));
#1875=DIRECTION('',(0.,0.,-1.));
#1876=DIRECTION('center_axis',(0.,-1.,0.));
#1877=DIRECTION('ref_axis',(-1.,0.,0.));
#1878=DIRECTION('center_axis',(1.,0.,0.));
#1879=DIRECTION('ref_axis',(0.,-1.,0.));
#1880=DIRECTION('center_axis',(1.,0.,0.));
#1881=DIRECTION('ref_axis',(0.,-1.,0.));
#1882=DIRECTION('',(1.,0.,0.));
#1883=DIRECTION('center_axis',(1.,0.,0.));
#1884=DIRECTION('ref_axis',(0.,-1.,0.));
#1885=DIRECTION('',(1.,0.,0.));
#1886=DIRECTION('center_axis',(1.,0.,0.));
#1887=DIRECTION('ref_axis',(0.,-1.,0.));
#1888=DIRECTION('center_axis',(1.,0.,0.));
#1889=DIRECTION('ref_axis',(0.,-1.,0.));
#1890=DIRECTION('',(1.,0.,0.));
#1891=DIRECTION('center_axis',(1.,0.,0.));
#1892=DIRECTION('ref_axis',(0.,-1.,0.));
#1893=DIRECTION('',(1.,0.,0.));
#1894=DIRECTION('center_axis',(-1.,0.,0.));
#1895=DIRECTION('ref_axis',(0.,-1.,0.));
#1896=CARTESIAN_POINT('',(0.,0.,0.));
#1897=CARTESIAN_POINT('Origin',(0.2,29.8,0.));
#1898=CARTESIAN_POINT('',(0.2,29.8,0.2));
#1899=CARTESIAN_POINT('',(0.,29.6,0.4));
#1900=CARTESIAN_POINT('',(-0.983333333333334,28.6166666666667,1.38333333333333));
#1901=CARTESIAN_POINT('',(0.,29.6,5.4));
#1902=CARTESIAN_POINT('',(0.,29.6,0.));
#1903=CARTESIAN_POINT('',(0.4,30.,5.4));
#1904=CARTESIAN_POINT('',(0.,29.6,5.4));
#1905=CARTESIAN_POINT('',(0.4,30.,0.4));
#1906=CARTESIAN_POINT('',(0.4,30.,0.));
#1907=CARTESIAN_POINT('',(8.82083333333333,38.4208333333333,8.82083333333333));
#1908=CARTESIAN_POINT('Ctrl Pts',(0.400000000000006,30.,5.4));
#1909=CARTESIAN_POINT('Ctrl Pts',(0.400000000000006,30.,6.30400005158786));
#1910=CARTESIAN_POINT('Ctrl Pts',(0.400000000000004,29.4965954309998,7.80176933903608));
#1911=CARTESIAN_POINT('Ctrl Pts',(0.400000000000004,27.800311471886,9.14119288232164));
#1912=CARTESIAN_POINT('Ctrl Pts',(0.400000000000003,26.6026651071108,9.4));
#1913=CARTESIAN_POINT('Ctrl Pts',(0.400000000000003,26.,9.4));
#1914=CARTESIAN_POINT('Ctrl Pts',(0.266666666666671,29.8666666666667,5.4));
#1915=CARTESIAN_POINT('Ctrl Pts',(0.266666666666671,29.8666666666667,6.27549584893713));
#1916=CARTESIAN_POINT('Ctrl Pts',(0.26666666666667,29.3796050978267,7.72273113243543));
#1917=CARTESIAN_POINT('Ctrl Pts',(0.26666666666667,27.7420053504263,9.01595597519765));
#1918=CARTESIAN_POINT('Ctrl Pts',(0.266666666666669,26.5836623556027,9.26666666666667));
#1919=CARTESIAN_POINT('Ctrl Pts',(0.266666666666669,26.,9.26666666666667));
#1920=CARTESIAN_POINT('Ctrl Pts',(0.133333333333335,29.7333333333333,5.4));
#1921=CARTESIAN_POINT('Ctrl Pts',(0.133333333333335,29.7333333333333,6.24699164628639));
#1922=CARTESIAN_POINT('Ctrl Pts',(0.133333333333335,29.2626147646536,7.64369292583477));
#1923=CARTESIAN_POINT('Ctrl Pts',(0.133333333333335,27.6836992289665,8.89071906807365));
#1924=CARTESIAN_POINT('Ctrl Pts',(0.133333333333334,26.5646596040946,9.13333333333334));
#1925=CARTESIAN_POINT('Ctrl Pts',(0.133333333333334,26.,9.13333333333333));
#1926=CARTESIAN_POINT('Ctrl Pts',(0.,29.6,5.4));
#1927=CARTESIAN_POINT('Ctrl Pts',(0.,29.6,6.21848744363566));
#1928=CARTESIAN_POINT('Ctrl Pts',(0.,29.1456244314805,7.56465471923411));
#1929=CARTESIAN_POINT('Ctrl Pts',(0.,27.6253931075067,8.76548216094966));
#1930=CARTESIAN_POINT('Ctrl Pts',(0.,26.5456568525865,9.));
#1931=CARTESIAN_POINT('Ctrl Pts',(0.,26.,9.));
#1932=CARTESIAN_POINT('',(0.,26.,9.));
#1933=CARTESIAN_POINT('',(0.400000000000004,26.,9.4));
#1934=CARTESIAN_POINT('',(0.,26.,9.));
#1935=CARTESIAN_POINT('Ctrl Pts',(0.400000000000003,26.,9.4));
#1936=CARTESIAN_POINT('Ctrl Pts',(0.400000000000003,26.6026651071108,9.4));
#1937=CARTESIAN_POINT('Ctrl Pts',(0.400000000000004,27.800311471886,9.14119288232164));
#1938=CARTESIAN_POINT('Ctrl Pts',(0.400000000000004,29.4965954309998,7.80176933903608));
#1939=CARTESIAN_POINT('Ctrl Pts',(0.400000000000006,30.,6.30400005158786));
#1940=CARTESIAN_POINT('Ctrl Pts',(0.400000000000006,30.,5.4));
#1941=CARTESIAN_POINT('Ctrl Pts',(0.,29.6,5.4));
#1942=CARTESIAN_POINT('Ctrl Pts',(0.,29.6,6.21848744363566));
#1943=CARTESIAN_POINT('Ctrl Pts',(0.,29.1456244314805,7.56465471923411));
#1944=CARTESIAN_POINT('Ctrl Pts',(0.,27.6253931075067,8.76548216094966));
#1945=CARTESIAN_POINT('Ctrl Pts',(0.,26.5456568525865,9.));
#1946=CARTESIAN_POINT('Ctrl Pts',(0.,26.,9.));
#1947=CARTESIAN_POINT('Origin',(0.2,22.5,9.2));
#1948=CARTESIAN_POINT('',(0.,4.,9.));
#1949=CARTESIAN_POINT('',(0.4,4.,9.4));
#1950=CARTESIAN_POINT('',(0.,4.,9.));
#1951=CARTESIAN_POINT('',(0.4,22.5,9.4));
#1952=CARTESIAN_POINT('',(0.,22.5,9.));
#1953=CARTESIAN_POINT('Ctrl Pts',(0.4,4.,9.4));
#1954=CARTESIAN_POINT('Ctrl Pts',(0.4,3.09599994841213,9.4));
#1955=CARTESIAN_POINT('Ctrl Pts',(0.4,1.59834272642853,8.89686134327384));
#1956=CARTESIAN_POINT('Ctrl Pts',(0.4,0.258857130116,7.20033238455003));
#1957=CARTESIAN_POINT('Ctrl Pts',(0.399999999999999,9.47853050458822E-17,
6.00266510711082));
#1958=CARTESIAN_POINT('Ctrl Pts',(0.399999999999999,-1.56125112837913E-16,
5.4));
#1959=CARTESIAN_POINT('Ctrl Pts',(0.266666666666667,4.,9.26666666666667));
#1960=CARTESIAN_POINT('Ctrl Pts',(0.266666666666667,3.1245041510629,9.26666666666667));
#1961=CARTESIAN_POINT('Ctrl Pts',(0.266666666666667,1.67736260173226,8.77985413429711));
#1962=CARTESIAN_POINT('Ctrl Pts',(0.266666666666667,0.384085572044292,7.14202404083013));
#1963=CARTESIAN_POINT('Ctrl Pts',(0.266666666666666,0.133333333333333,5.98366235560272));
#1964=CARTESIAN_POINT('Ctrl Pts',(0.266666666666666,0.133333333333333,5.4));
#1965=CARTESIAN_POINT('Ctrl Pts',(0.133333333333333,4.,9.13333333333333));
#1966=CARTESIAN_POINT('Ctrl Pts',(0.133333333333333,3.15300835371367,9.13333333333333));
#1967=CARTESIAN_POINT('Ctrl Pts',(0.133333333333333,1.75638247703599,8.66284692532039));
#1968=CARTESIAN_POINT('Ctrl Pts',(0.133333333333333,0.509314013972582,7.08371569711023));
#1969=CARTESIAN_POINT('Ctrl Pts',(0.133333333333333,0.266666666666666,5.96465960409462));
#1970=CARTESIAN_POINT('Ctrl Pts',(0.133333333333333,0.266666666666666,5.4));
#1971=CARTESIAN_POINT('Ctrl Pts',(0.,4.,9.));
#1972=CARTESIAN_POINT('Ctrl Pts',(0.,3.18151255636444,9.));
#1973=CARTESIAN_POINT('Ctrl Pts',(0.,1.83540235233972,8.54583971634367));
#1974=CARTESIAN_POINT('Ctrl Pts',(0.,0.634542455900874,7.02540735339033));
#1975=CARTESIAN_POINT('Ctrl Pts',(0.,0.399999999999999,5.94565685258652));
#1976=CARTESIAN_POINT('Ctrl Pts',(0.,0.399999999999999,5.4));
#1977=CARTESIAN_POINT('',(0.,0.399999999999999,5.4));
#1978=CARTESIAN_POINT('',(0.4,-7.80625564189563E-17,5.4));
#1979=CARTESIAN_POINT('',(0.,0.399999999999999,5.4));
#1980=CARTESIAN_POINT('Ctrl Pts',(0.399999999999999,-1.56125112837913E-16,
5.4));
#1981=CARTESIAN_POINT('Ctrl Pts',(0.399999999999999,9.47853050458822E-17,
6.00266510711082));
#1982=CARTESIAN_POINT('Ctrl Pts',(0.4,0.258857130116,7.20033238455003));
#1983=CARTESIAN_POINT('Ctrl Pts',(0.4,1.59834272642853,8.89686134327384));
#1984=CARTESIAN_POINT('Ctrl Pts',(0.4,3.09599994841213,9.4));
#1985=CARTESIAN_POINT('Ctrl Pts',(0.4,4.,9.4));
#1986=CARTESIAN_POINT('Ctrl Pts',(0.,4.,9.));
#1987=CARTESIAN_POINT('Ctrl Pts',(0.,3.18151255636444,9.));
#1988=CARTESIAN_POINT('Ctrl Pts',(0.,1.83540235233972,8.54583971634367));
#1989=CARTESIAN_POINT('Ctrl Pts',(0.,0.634542455900874,7.02540735339033));
#1990=CARTESIAN_POINT('Ctrl Pts',(0.,0.399999999999999,5.94565685258652));
#1991=CARTESIAN_POINT('Ctrl Pts',(0.,0.399999999999999,5.4));
#1992=CARTESIAN_POINT('Origin',(0.2,0.2,0.));
#1993=CARTESIAN_POINT('',(0.2,0.2,0.2));
#1994=CARTESIAN_POINT('',(0.4,4.04542277599094E-32,0.4));
#1995=CARTESIAN_POINT('',(3.02916666666667,-2.62916666666667,3.02916666666667));
#1996=CARTESIAN_POINT('',(0.4,0.,0.));
#1997=CARTESIAN_POINT('',(0.,0.4,0.4));
#1998=CARTESIAN_POINT('',(0.,0.4,0.));
#1999=CARTESIAN_POINT('',(-3.48333333333334,3.88333333333334,3.88333333333333));
#2000=CARTESIAN_POINT('Origin',(69.5,30.,0.));
#2001=CARTESIAN_POINT('',(2.6,30.,5.4));
#2002=CARTESIAN_POINT('Ctrl Pts',(2.60000000000001,30.,5.4));
#2003=CARTESIAN_POINT('Ctrl Pts',(1.86666666666667,30.,5.4));
#2004=CARTESIAN_POINT('Ctrl Pts',(1.13333333333334,30.,5.4));
#2005=CARTESIAN_POINT('Ctrl Pts',(0.4,30.,5.4));
#2006=CARTESIAN_POINT('',(2.6,30.,4.9));
#2007=CARTESIAN_POINT('',(2.6,30.,1.2));
#2008=CARTESIAN_POINT('',(5.5,30.,2.));
#2009=CARTESIAN_POINT('Origin',(5.5,30.,4.9));
#2010=CARTESIAN_POINT('',(64.,30.,2.));
#2011=CARTESIAN_POINT('',(52.125,30.,2.));
#2012=CARTESIAN_POINT('',(66.9,30.,4.9));
#2013=CARTESIAN_POINT('Origin',(64.,30.,4.9));
#2014=CARTESIAN_POINT('',(66.9,30.,5.4));
#2015=CARTESIAN_POINT('',(66.9,30.,1.2));
#2016=CARTESIAN_POINT('',(69.1,30.,5.4));
#2017=CARTESIAN_POINT('Ctrl Pts',(69.1,30.,5.4));
#2018=CARTESIAN_POINT('Ctrl Pts',(68.3666666666667,30.,5.4));
#2019=CARTESIAN_POINT('Ctrl Pts',(67.6333333333333,30.,5.4));
#2020=CARTESIAN_POINT('Ctrl Pts',(66.9,30.,5.4));
#2021=CARTESIAN_POINT('',(69.1,30.,0.4));
#2022=CARTESIAN_POINT('',(69.1,30.,0.));
#2023=CARTESIAN_POINT('',(52.125,30.,0.4));
#2024=CARTESIAN_POINT('Ctrl Pts',(2.60000000000001,26.,9.4));
#2025=CARTESIAN_POINT('Ctrl Pts',(1.86666666666667,26.,9.4));
#2026=CARTESIAN_POINT('Ctrl Pts',(1.13333333333334,26.,9.4));
#2027=CARTESIAN_POINT('Ctrl Pts',(0.4,26.,9.4));
#2028=CARTESIAN_POINT('Ctrl Pts',(2.60000000000001,26.5539299430708,9.4));
#2029=CARTESIAN_POINT('Ctrl Pts',(1.86666666666667,26.5539299430708,9.4));
#2030=CARTESIAN_POINT('Ctrl Pts',(1.13333333333334,26.5539299430708,9.4));
#2031=CARTESIAN_POINT('Ctrl Pts',(0.4,26.5539299430708,9.4));
#2032=CARTESIAN_POINT('Ctrl Pts',(2.60000000000001,27.739287623379,9.17904802589746));
#2033=CARTESIAN_POINT('Ctrl Pts',(1.86666666666667,27.739287623379,9.17904802589746));
#2034=CARTESIAN_POINT('Ctrl Pts',(1.13333333333333,27.739287623379,9.17904802589746));
#2035=CARTESIAN_POINT('Ctrl Pts',(0.4,27.739287623379,9.17904802589746));
#2036=CARTESIAN_POINT('Ctrl Pts',(2.60000000000001,29.5408864130245,7.78242371520349));
#2037=CARTESIAN_POINT('Ctrl Pts',(1.86666666666667,29.5408864130245,7.78242371520349));
#2038=CARTESIAN_POINT('Ctrl Pts',(1.13333333333334,29.5408864130245,7.78242371520349));
#2039=CARTESIAN_POINT('Ctrl Pts',(0.4,29.5408864130245,7.78242371520349));
#2040=CARTESIAN_POINT('Ctrl Pts',(2.60000000000001,30.,6.23089491460615));
#2041=CARTESIAN_POINT('Ctrl Pts',(1.86666666666667,30.,6.23089491460615));
#2042=CARTESIAN_POINT('Ctrl Pts',(1.13333333333333,30.,6.23089491460615));
#2043=CARTESIAN_POINT('Ctrl Pts',(0.4,30.,6.23089491460615));
#2044=CARTESIAN_POINT('Ctrl Pts',(2.60000000000001,30.,5.4));
#2045=CARTESIAN_POINT('Ctrl Pts',(1.86666666666667,30.,5.4));
#2046=CARTESIAN_POINT('Ctrl Pts',(1.13333333333334,30.,5.4));
#2047=CARTESIAN_POINT('Ctrl Pts',(0.4,30.,5.4));
#2048=CARTESIAN_POINT('',(2.6,26.,9.4));
#2049=CARTESIAN_POINT('Ctrl Pts',(0.4,26.,9.4));
#2050=CARTESIAN_POINT('Ctrl Pts',(1.13333333333334,26.,9.4));
#2051=CARTESIAN_POINT('Ctrl Pts',(1.86666666666667,26.,9.4));
#2052=CARTESIAN_POINT('Ctrl Pts',(2.60000000000001,26.,9.4));
#2053=CARTESIAN_POINT('Ctrl Pts',(2.6,30.,5.4));
#2054=CARTESIAN_POINT('Ctrl Pts',(2.6,30.,6.00266510711079));
#2055=CARTESIAN_POINT('Ctrl Pts',(2.6,29.7411950391153,7.20030998067168));
#2056=CARTESIAN_POINT('Ctrl Pts',(2.6,28.40177384347,8.89658513108607));
#2057=CARTESIAN_POINT('Ctrl Pts',(2.6,26.9040000515878,9.4));
#2058=CARTESIAN_POINT('Ctrl Pts',(2.6,26.,9.4));
#2059=CARTESIAN_POINT('Origin',(34.75,15.,9.4));
#2060=CARTESIAN_POINT('',(2.60000000000001,4.,9.4));
#2061=CARTESIAN_POINT('Ctrl Pts',(2.60000000000001,4.,9.4));
#2062=CARTESIAN_POINT('Ctrl Pts',(1.86666666666667,4.,9.4));
#2063=CARTESIAN_POINT('Ctrl Pts',(1.13333333333333,4.,9.4));
#2064=CARTESIAN_POINT('Ctrl Pts',(0.399999999999996,4.,9.4));
#2065=CARTESIAN_POINT('',(2.6,7.5,9.4));
#2066=CARTESIAN_POINT('Ctrl Pts',(0.399999999999996,4.,9.4));
#2067=CARTESIAN_POINT('Ctrl Pts',(1.13333333333333,4.,9.4));
#2068=CARTESIAN_POINT('Ctrl Pts',(1.86666666666667,4.,9.4));
#2069=CARTESIAN_POINT('Ctrl Pts',(2.60000000000001,4.,9.4));
#2070=CARTESIAN_POINT('Ctrl Pts',(0.399999999999997,3.44607005692923,9.4));
#2071=CARTESIAN_POINT('Ctrl Pts',(1.13333333333334,3.44607005692923,9.4));
#2072=CARTESIAN_POINT('Ctrl Pts',(1.86666666666667,3.44607005692923,9.4));
#2073=CARTESIAN_POINT('Ctrl Pts',(2.60000000000001,3.44607005692923,9.4));
#2074=CARTESIAN_POINT('Ctrl Pts',(0.399999999999998,2.26016901370237,9.1788365018869));
#2075=CARTESIAN_POINT('Ctrl Pts',(1.13333333333333,2.26016901370237,9.1788365018869));
#2076=CARTESIAN_POINT('Ctrl Pts',(1.86666666666667,2.26016901370237,9.1788365018869));
#2077=CARTESIAN_POINT('Ctrl Pts',(2.60000000000001,2.26016901370237,9.1788365018869));
#2078=CARTESIAN_POINT('Ctrl Pts',(0.399999999999998,0.45747293785366,7.78161823521585));
#2079=CARTESIAN_POINT('Ctrl Pts',(1.13333333333334,0.45747293785366,7.78161823521585));
#2080=CARTESIAN_POINT('Ctrl Pts',(1.86666666666667,0.45747293785366,7.78161823521585));
#2081=CARTESIAN_POINT('Ctrl Pts',(2.60000000000001,0.45747293785366,7.78161823521585));
#2082=CARTESIAN_POINT('Ctrl Pts',(0.399999999999997,1.15309833154963E-16,
6.23089491460615));
#2083=CARTESIAN_POINT('Ctrl Pts',(1.13333333333333,1.15309833154963E-16,
6.23089491460615));
#2084=CARTESIAN_POINT('Ctrl Pts',(1.86666666666667,1.15309833154963E-16,
6.23089491460615));
#2085=CARTESIAN_POINT('Ctrl Pts',(2.60000000000001,1.15309833154963E-16,
6.23089491460615));
#2086=CARTESIAN_POINT('Ctrl Pts',(0.399999999999996,-9.53266044416098E-34,
5.4));
#2087=CARTESIAN_POINT('Ctrl Pts',(1.13333333333333,-2.70092045917901E-33,
5.4));
#2088=CARTESIAN_POINT('Ctrl Pts',(1.86666666666667,-4.44857487394192E-33,
5.4));
#2089=CARTESIAN_POINT('Ctrl Pts',(2.60000000000001,-6.19622928870483E-33,
5.4));
#2090=CARTESIAN_POINT('',(2.6,-6.19622928870483E-33,5.4));
#2091=CARTESIAN_POINT('Ctrl Pts',(0.399999999999996,-9.53266044416098E-34,
5.4));
#2092=CARTESIAN_POINT('Ctrl Pts',(1.13333333333333,-2.70092045917901E-33,
5.4));
#2093=CARTESIAN_POINT('Ctrl Pts',(1.86666666666667,-4.44857487394192E-33,
5.4));
#2094=CARTESIAN_POINT('Ctrl Pts',(2.60000000000001,-6.19622928870483E-33,
5.4));
#2095=CARTESIAN_POINT('Ctrl Pts',(2.6,4.,9.4));
#2096=CARTESIAN_POINT('Ctrl Pts',(2.6,3.3973348928892,9.4));
#2097=CARTESIAN_POINT('Ctrl Pts',(2.6,2.19966886889651,9.14115149951761));
#2098=CARTESIAN_POINT('Ctrl Pts',(2.6,0.50318920546997,7.80167792273409));
#2099=CARTESIAN_POINT('Ctrl Pts',(2.6,2.43166610855182E-16,6.30400005158786));
#2100=CARTESIAN_POINT('Ctrl Pts',(2.6,1.73472347597681E-17,5.4));
#2101=CARTESIAN_POINT('Origin',(0.,0.,0.));
#2102=CARTESIAN_POINT('',(69.1,-1.23269215368561E-31,0.4));
#2103=CARTESIAN_POINT('',(17.375,0.,0.4));
#2104=CARTESIAN_POINT('',(69.1,-1.64676709172886E-31,5.4));
#2105=CARTESIAN_POINT('',(69.1,0.,0.));
#2106=CARTESIAN_POINT('',(66.9,-8.67361737988404E-17,5.4));
#2107=CARTESIAN_POINT('Ctrl Pts',(66.9,-1.59433745928597E-31,5.4));
#2108=CARTESIAN_POINT('Ctrl Pts',(67.6333333333333,-1.6118140034336E-31,
5.4));
#2109=CARTESIAN_POINT('Ctrl Pts',(68.3666666666667,-1.62929054758123E-31,
5.4));
#2110=CARTESIAN_POINT('Ctrl Pts',(69.1,-1.64676709172886E-31,5.4));
#2111=CARTESIAN_POINT('',(66.9,0.,4.9));
#2112=CARTESIAN_POINT('',(66.9,0.,1.2));
#2113=CARTESIAN_POINT('',(64.,0.,2.));
#2114=CARTESIAN_POINT('Origin',(64.,0.,4.9));
#2115=CARTESIAN_POINT('',(5.5,2.83000856936038E-32,2.));
#2116=CARTESIAN_POINT('',(17.375,0.,2.));
#2117=CARTESIAN_POINT('',(2.6,6.91117882201693E-33,4.9));
#2118=CARTESIAN_POINT('Origin',(5.5,0.,4.9));
#2119=CARTESIAN_POINT('',(2.6,0.,1.2));
#2120=CARTESIAN_POINT('Origin',(17.375,0.2,0.2));
#2121=CARTESIAN_POINT('',(0.4,0.4,0.));
#2122=CARTESIAN_POINT('',(0.4,0.4,0.));
#2123=CARTESIAN_POINT('',(69.1,0.4,0.));
#2124=CARTESIAN_POINT('',(17.375,0.4,0.));
#2125=CARTESIAN_POINT('',(69.3,0.200000000000002,0.199999999999998));
#2126=CARTESIAN_POINT('',(69.1,0.4,0.));
#2127=CARTESIAN_POINT('',(60.6791666666667,-8.42083333333334,8.82083333333333));
#2128=CARTESIAN_POINT('Origin',(69.3,0.2,0.));
#2129=CARTESIAN_POINT('',(69.5,0.4,0.4));
#2130=CARTESIAN_POINT('',(70.4833333333333,1.38333333333333,1.38333333333333));
#2131=CARTESIAN_POINT('',(69.5,0.4,5.4));
#2132=CARTESIAN_POINT('',(69.5,0.4,0.));
#2133=CARTESIAN_POINT('',(69.5,0.4,5.4));
#2134=CARTESIAN_POINT('Ctrl Pts',(69.1,-5.20417042793042E-17,5.4));
#2135=CARTESIAN_POINT('Ctrl Pts',(69.1,1.7377767181611E-16,6.30400005158786));
#2136=CARTESIAN_POINT('Ctrl Pts',(69.1,0.503512196393163,7.8018169624941));
#2137=CARTESIAN_POINT('Ctrl Pts',(69.1,2.19970642053825,9.14121616417857));
#2138=CARTESIAN_POINT('Ctrl Pts',(69.1,3.3973348928892,9.4));
#2139=CARTESIAN_POINT('Ctrl Pts',(69.1,4.,9.4));
#2140=CARTESIAN_POINT('Ctrl Pts',(69.2333333333333,0.133333333333333,5.4));
#2141=CARTESIAN_POINT('Ctrl Pts',(69.2333333333333,0.133333333333334,6.2754958489371));
#2142=CARTESIAN_POINT('Ctrl Pts',(69.2333333333333,0.620495649910311,7.72277095017323));
#2143=CARTESIAN_POINT('Ctrl Pts',(69.2333333333333,2.25801106449152,9.01597534005009));
#2144=CARTESIAN_POINT('Ctrl Pts',(69.2333333333333,3.4163376443973,9.26666666666667));
#2145=CARTESIAN_POINT('Ctrl Pts',(69.2333333333333,4.,9.26666666666667));
#2146=CARTESIAN_POINT('Ctrl Pts',(69.3666666666667,0.266666666666667,5.4));
#2147=CARTESIAN_POINT('Ctrl Pts',(69.3666666666667,0.266666666666667,6.24699164628634));
#2148=CARTESIAN_POINT('Ctrl Pts',(69.3666666666667,0.737479103427456,7.64372493785236));
#2149=CARTESIAN_POINT('Ctrl Pts',(69.3666666666667,2.31631570844477,8.89073451592162));
#2150=CARTESIAN_POINT('Ctrl Pts',(69.3666666666667,3.4353403959054,9.13333333333333));
#2151=CARTESIAN_POINT('Ctrl Pts',(69.3666666666667,4.,9.13333333333333));
#2152=CARTESIAN_POINT('Ctrl Pts',(69.5,0.4,5.4));
#2153=CARTESIAN_POINT('Ctrl Pts',(69.5,0.4,6.21848744363557));
#2154=CARTESIAN_POINT('Ctrl Pts',(69.5,0.854462556944606,7.56467892553149));
#2155=CARTESIAN_POINT('Ctrl Pts',(69.5,2.37462035239803,8.76549369179314));
#2156=CARTESIAN_POINT('Ctrl Pts',(69.5,3.45434314741349,9.));
#2157=CARTESIAN_POINT('Ctrl Pts',(69.5,4.,9.));
#2158=CARTESIAN_POINT('',(69.5,4.,9.));
#2159=CARTESIAN_POINT('',(69.1,4.,9.4));
#2160=CARTESIAN_POINT('',(69.5,4.,9.));
#2161=CARTESIAN_POINT('Ctrl Pts',(69.1,4.,9.4));
#2162=CARTESIAN_POINT('Ctrl Pts',(69.1,3.3973348928892,9.4));
#2163=CARTESIAN_POINT('Ctrl Pts',(69.1,2.19970642053825,9.14121616417857));
#2164=CARTESIAN_POINT('Ctrl Pts',(69.1,0.503512196393163,7.8018169624941));
#2165=CARTESIAN_POINT('Ctrl Pts',(69.1,1.7377767181611E-16,6.30400005158786));
#2166=CARTESIAN_POINT('Ctrl Pts',(69.1,-5.20417042793042E-17,5.4));
#2167=CARTESIAN_POINT('Ctrl Pts',(69.5,0.4,5.4));
#2168=CARTESIAN_POINT('Ctrl Pts',(69.5,0.4,6.21848744363557));
#2169=CARTESIAN_POINT('Ctrl Pts',(69.5,0.854462556944606,7.56467892553149));
#2170=CARTESIAN_POINT('Ctrl Pts',(69.5,2.37462035239803,8.76549369179314));
#2171=CARTESIAN_POINT('Ctrl Pts',(69.5,3.45434314741349,9.));
#2172=CARTESIAN_POINT('Ctrl Pts',(69.5,4.,9.));
#2173=CARTESIAN_POINT('Origin',(69.3,7.5,9.2));
#2174=CARTESIAN_POINT('',(69.5,26.,9.));
#2175=CARTESIAN_POINT('',(69.1,26.,9.4));
#2176=CARTESIAN_POINT('',(69.5,26.,9.));
#2177=CARTESIAN_POINT('',(69.1,7.5,9.4));
#2178=CARTESIAN_POINT('',(69.5,7.5,9.));
#2179=CARTESIAN_POINT('Ctrl Pts',(69.1,26.,9.4));
#2180=CARTESIAN_POINT('Ctrl Pts',(69.1,26.9040000515878,9.4));
#2181=CARTESIAN_POINT('Ctrl Pts',(69.1,28.4018266922613,8.89646614038787));
#2182=CARTESIAN_POINT('Ctrl Pts',(69.1,29.7412210437345,7.20028937820323));
#2183=CARTESIAN_POINT('Ctrl Pts',(69.1,30.,6.00266510711079));
#2184=CARTESIAN_POINT('Ctrl Pts',(69.1,30.,5.4));
#2185=CARTESIAN_POINT('Ctrl Pts',(69.2333333333333,26.,9.26666666666667));
#2186=CARTESIAN_POINT('Ctrl Pts',(69.2333333333333,26.8754958489371,9.26666666666667));
#2187=CARTESIAN_POINT('Ctrl Pts',(69.2333333333333,28.3227790842362,8.77948407473764));
#2188=CARTESIAN_POINT('Ctrl Pts',(69.2333333333333,29.6159793999684,7.14198506842158));
#2189=CARTESIAN_POINT('Ctrl Pts',(69.2333333333333,29.8666666666667,5.98366235560269));
#2190=CARTESIAN_POINT('Ctrl Pts',(69.2333333333333,29.8666666666667,5.4));
#2191=CARTESIAN_POINT('Ctrl Pts',(69.3666666666667,26.,9.13333333333333));
#2192=CARTESIAN_POINT('Ctrl Pts',(69.3666666666667,26.8469916462864,9.13333333333333));
#2193=CARTESIAN_POINT('Ctrl Pts',(69.3666666666667,28.243731476211,8.66250200908743));
#2194=CARTESIAN_POINT('Ctrl Pts',(69.3666666666667,29.4907377562023,7.08368075863993));
#2195=CARTESIAN_POINT('Ctrl Pts',(69.3666666666667,29.7333333333333,5.9646596040946));
#2196=CARTESIAN_POINT('Ctrl Pts',(69.3666666666667,29.7333333333333,5.4));
#2197=CARTESIAN_POINT('Ctrl Pts',(69.5,26.,9.));
#2198=CARTESIAN_POINT('Ctrl Pts',(69.5,26.8184874436356,9.));
#2199=CARTESIAN_POINT('Ctrl Pts',(69.5,28.1646838681858,8.54551994343721));
#2200=CARTESIAN_POINT('Ctrl Pts',(69.5,29.3654961124362,7.02537644885827));
#2201=CARTESIAN_POINT('Ctrl Pts',(69.5,29.6,5.94565685258651));
#2202=CARTESIAN_POINT('Ctrl Pts',(69.5,29.6,5.4));
#2203=CARTESIAN_POINT('',(69.5,29.6,5.4));
#2204=CARTESIAN_POINT('',(69.5,29.6,5.4));
#2205=CARTESIAN_POINT('Ctrl Pts',(69.1,30.,5.4));
#2206=CARTESIAN_POINT('Ctrl Pts',(69.1,30.,6.00266510711079));
#2207=CARTESIAN_POINT('Ctrl Pts',(69.1,29.7412210437345,7.20028937820323));
#2208=CARTESIAN_POINT('Ctrl Pts',(69.1,28.4018266922613,8.89646614038787));
#2209=CARTESIAN_POINT('Ctrl Pts',(69.1,26.9040000515878,9.4));
#2210=CARTESIAN_POINT('Ctrl Pts',(69.1,26.,9.4));
#2211=CARTESIAN_POINT('Ctrl Pts',(69.5,26.,9.));
#2212=CARTESIAN_POINT('Ctrl Pts',(69.5,26.8184874436356,9.));
#2213=CARTESIAN_POINT('Ctrl Pts',(69.5,28.1646838681858,8.54551994343721));
#2214=CARTESIAN_POINT('Ctrl Pts',(69.5,29.3654961124362,7.02537644885827));
#2215=CARTESIAN_POINT('Ctrl Pts',(69.5,29.6,5.94565685258651));
#2216=CARTESIAN_POINT('Ctrl Pts',(69.5,29.6,5.4));
#2217=CARTESIAN_POINT('Origin',(69.3,29.8,0.));
#2218=CARTESIAN_POINT('',(69.3,29.8,0.199999999999998));
#2219=CARTESIAN_POINT('',(66.4708333333333,32.6291666666667,3.02916666666667));
#2220=CARTESIAN_POINT('',(69.5,29.6,0.4));
#2221=CARTESIAN_POINT('',(69.5,29.6,0.));
#2222=CARTESIAN_POINT('',(72.9833333333333,26.1166666666667,3.88333333333333));
#2223=CARTESIAN_POINT('Ctrl Pts',(66.9,4.,9.4));
#2224=CARTESIAN_POINT('Ctrl Pts',(67.6333333333333,4.,9.4));
#2225=CARTESIAN_POINT('Ctrl Pts',(68.3666666666666,4.,9.4));
#2226=CARTESIAN_POINT('Ctrl Pts',(69.1,4.,9.4));
#2227=CARTESIAN_POINT('Ctrl Pts',(66.9,3.44607005692923,9.4));
#2228=CARTESIAN_POINT('Ctrl Pts',(67.6333333333333,3.44607005692923,9.4));
#2229=CARTESIAN_POINT('Ctrl Pts',(68.3666666666666,3.44607005692923,9.4));
#2230=CARTESIAN_POINT('Ctrl Pts',(69.1,3.44607005692923,9.4));
#2231=CARTESIAN_POINT('Ctrl Pts',(66.9,2.26106470342772,9.17919533414418));
#2232=CARTESIAN_POINT('Ctrl Pts',(67.6333333333333,2.26106470342772,9.17919533414418));
#2233=CARTESIAN_POINT('Ctrl Pts',(68.3666666666667,2.26106470342772,9.17919533414418));
#2234=CARTESIAN_POINT('Ctrl Pts',(69.1,2.26106470342772,9.17919533414418));
#2235=CARTESIAN_POINT('Ctrl Pts',(66.9,0.460007867807211,7.78285842168983));
#2236=CARTESIAN_POINT('Ctrl Pts',(67.6333333333334,0.460007867807211,7.78285842168983));
#2237=CARTESIAN_POINT('Ctrl Pts',(68.3666666666667,0.460007867807211,7.78285842168983));
#2238=CARTESIAN_POINT('Ctrl Pts',(69.1,0.460007867807211,7.78285842168983));
#2239=CARTESIAN_POINT('Ctrl Pts',(66.9,1.15309833154963E-16,6.23089491460615));
#2240=CARTESIAN_POINT('Ctrl Pts',(67.6333333333333,1.15309833154963E-16,
6.23089491460615));
#2241=CARTESIAN_POINT('Ctrl Pts',(68.3666666666667,1.15309833154963E-16,
6.23089491460615));
#2242=CARTESIAN_POINT('Ctrl Pts',(69.1,1.15309833154963E-16,6.23089491460615));
#2243=CARTESIAN_POINT('Ctrl Pts',(66.9,-1.59433745928597E-31,5.4));
#2244=CARTESIAN_POINT('Ctrl Pts',(67.6333333333333,-1.6118140034336E-31,
5.4));
#2245=CARTESIAN_POINT('Ctrl Pts',(68.3666666666667,-1.62929054758123E-31,
5.4));
#2246=CARTESIAN_POINT('Ctrl Pts',(69.1,-1.64676709172886E-31,5.4));
#2247=CARTESIAN_POINT('',(66.9,4.,9.4));
#2248=CARTESIAN_POINT('Ctrl Pts',(69.1,4.,9.4));
#2249=CARTESIAN_POINT('Ctrl Pts',(68.3666666666666,4.,9.4));
#2250=CARTESIAN_POINT('Ctrl Pts',(67.6333333333333,4.,9.4));
#2251=CARTESIAN_POINT('Ctrl Pts',(66.9,4.,9.4));
#2252=CARTESIAN_POINT('Ctrl Pts',(66.9,-1.73472347597681E-16,5.4));
#2253=CARTESIAN_POINT('Ctrl Pts',(66.9,6.07107090938612E-17,6.00266510711082));
#2254=CARTESIAN_POINT('Ctrl Pts',(66.9,0.258784422091432,7.20029407464403));
#2255=CARTESIAN_POINT('Ctrl Pts',(66.9,1.59818421186479,8.89649042540616));
#2256=CARTESIAN_POINT('Ctrl Pts',(66.9,3.09599994841213,9.4));
#2257=CARTESIAN_POINT('Ctrl Pts',(66.9,4.,9.4));
#2258=CARTESIAN_POINT('Origin',(34.75,15.,9.4));
#2259=CARTESIAN_POINT('',(66.9,26.,9.4));
#2260=CARTESIAN_POINT('Ctrl Pts',(66.9,26.,9.4));
#2261=CARTESIAN_POINT('Ctrl Pts',(67.6333333333333,26.,9.4));
#2262=CARTESIAN_POINT('Ctrl Pts',(68.3666666666667,26.,9.4));
#2263=CARTESIAN_POINT('Ctrl Pts',(69.1,26.,9.4));
#2264=CARTESIAN_POINT('',(66.9,22.5,9.4));
#2265=CARTESIAN_POINT('Ctrl Pts',(69.1,26.,9.4));
#2266=CARTESIAN_POINT('Ctrl Pts',(68.3666666666667,26.,9.4));
#2267=CARTESIAN_POINT('Ctrl Pts',(67.6333333333333,26.,9.4));
#2268=CARTESIAN_POINT('Ctrl Pts',(66.9,26.,9.4));
#2269=CARTESIAN_POINT('Ctrl Pts',(69.1,26.5539299430708,9.4));
#2270=CARTESIAN_POINT('Ctrl Pts',(68.3666666666667,26.5539299430708,9.4));
#2271=CARTESIAN_POINT('Ctrl Pts',(67.6333333333333,26.5539299430708,9.4));
#2272=CARTESIAN_POINT('Ctrl Pts',(66.9,26.5539299430708,9.4));
#2273=CARTESIAN_POINT('Ctrl Pts',(69.1000000000001,27.7388443526072,9.1792340721574));
#2274=CARTESIAN_POINT('Ctrl Pts',(68.3666666666667,27.7388443526072,9.1792340721574));
#2275=CARTESIAN_POINT('Ctrl Pts',(67.6333333333333,27.7388443526072,9.1792340721574));
#2276=CARTESIAN_POINT('Ctrl Pts',(66.9,27.7388443526072,9.1792340721574));
#2277=CARTESIAN_POINT('Ctrl Pts',(69.1,29.5397732252162,7.78296446810065));
#2278=CARTESIAN_POINT('Ctrl Pts',(68.3666666666666,29.5397732252162,7.78296446810065));
#2279=CARTESIAN_POINT('Ctrl Pts',(67.6333333333333,29.5397732252162,7.78296446810065));
#2280=CARTESIAN_POINT('Ctrl Pts',(66.8999999999999,29.5397732252162,7.78296446810065));
#2281=CARTESIAN_POINT('Ctrl Pts',(69.1,30.,6.23089491460615));
#2282=CARTESIAN_POINT('Ctrl Pts',(68.3666666666667,30.,6.23089491460615));
#2283=CARTESIAN_POINT('Ctrl Pts',(67.6333333333333,30.,6.23089491460615));
#2284=CARTESIAN_POINT('Ctrl Pts',(66.9,30.,6.23089491460615));
#2285=CARTESIAN_POINT('Ctrl Pts',(69.1,30.,5.4));
#2286=CARTESIAN_POINT('Ctrl Pts',(68.3666666666667,30.,5.4));
#2287=CARTESIAN_POINT('Ctrl Pts',(67.6333333333333,30.,5.4));
#2288=CARTESIAN_POINT('Ctrl Pts',(66.9,30.,5.4));
#2289=CARTESIAN_POINT('Ctrl Pts',(66.9,26.,9.4));
#2290=CARTESIAN_POINT('Ctrl Pts',(66.9,26.6026651071108,9.4));
#2291=CARTESIAN_POINT('Ctrl Pts',(66.9,27.800289698366,9.14122067751665));
#2292=CARTESIAN_POINT('Ctrl Pts',(66.9,29.4964677566314,7.80182596473182));
#2293=CARTESIAN_POINT('Ctrl Pts',(66.9,30.,6.30400005158786));
#2294=CARTESIAN_POINT('Ctrl Pts',(66.9,30.,5.4));
#2295=CARTESIAN_POINT('Origin',(52.125,29.8,0.2));
#2296=CARTESIAN_POINT('',(69.1,29.6,0.));
#2297=CARTESIAN_POINT('',(69.1,29.6,0.));
#2298=CARTESIAN_POINT('',(0.4,29.6,0.));
#2299=CARTESIAN_POINT('',(52.125,29.6,0.));
#2300=CARTESIAN_POINT('',(0.,30.,0.4));
#2301=CARTESIAN_POINT('Origin',(66.7,22.5,9.2));
#2302=CARTESIAN_POINT('',(66.5,4.,9.));
#2303=CARTESIAN_POINT('',(66.5,4.,9.));
#2304=CARTESIAN_POINT('',(66.5,26.,9.));
#2305=CARTESIAN_POINT('',(66.9,26.,9.4));
#2306=CARTESIAN_POINT('',(66.5,22.5,9.));
#2307=CARTESIAN_POINT('Ctrl Pts',(66.9,4.,9.4));
#2308=CARTESIAN_POINT('Ctrl Pts',(66.9,3.09599994841213,9.4));
#2309=CARTESIAN_POINT('Ctrl Pts',(66.9,1.59818421186479,8.89649042540616));
#2310=CARTESIAN_POINT('Ctrl Pts',(66.9,0.258784422091432,7.20029407464403));
#2311=CARTESIAN_POINT('Ctrl Pts',(66.9,6.07107090938612E-17,6.00266510711082));
#2312=CARTESIAN_POINT('Ctrl Pts',(66.9,-1.73472347597681E-16,5.4));
#2313=CARTESIAN_POINT('Ctrl Pts',(66.7666666666667,4.,9.26666666666667));
#2314=CARTESIAN_POINT('Ctrl Pts',(66.7666666666667,3.1245041510629,9.26666666666667));
#2315=CARTESIAN_POINT('Ctrl Pts',(66.7666666666667,1.67723003160874,8.77950680399119));
#2316=CARTESIAN_POINT('Ctrl Pts',(66.7666666666667,0.384025147714011,7.14198939106154));
#2317=CARTESIAN_POINT('Ctrl Pts',(66.7666666666667,0.133333333333333,5.98366235560272));
#2318=CARTESIAN_POINT('Ctrl Pts',(66.7666666666667,0.133333333333333,5.4));
#2319=CARTESIAN_POINT('Ctrl Pts',(66.6333333333333,4.,9.13333333333333));
#2320=CARTESIAN_POINT('Ctrl Pts',(66.6333333333333,3.15300835371367,9.13333333333333));
#2321=CARTESIAN_POINT('Ctrl Pts',(66.6333333333333,1.75627585135269,8.66252318257622));
#2322=CARTESIAN_POINT('Ctrl Pts',(66.6333333333333,0.509265873336584,7.08368470747905));
#2323=CARTESIAN_POINT('Ctrl Pts',(66.6333333333333,0.266666666666666,5.96465960409462));
#2324=CARTESIAN_POINT('Ctrl Pts',(66.6333333333333,0.266666666666666,5.4));
#2325=CARTESIAN_POINT('Ctrl Pts',(66.5,4.,9.));
#2326=CARTESIAN_POINT('Ctrl Pts',(66.5,3.18151255636445,9.));
#2327=CARTESIAN_POINT('Ctrl Pts',(66.5,1.83532167109663,8.54553956116125));
#2328=CARTESIAN_POINT('Ctrl Pts',(66.5,0.634506598959163,7.02538002389656));
#2329=CARTESIAN_POINT('Ctrl Pts',(66.5,0.399999999999999,5.94565685258652));
#2330=CARTESIAN_POINT('Ctrl Pts',(66.5,0.399999999999999,5.4));
#2331=CARTESIAN_POINT('',(66.5,0.399999999999999,5.4));
#2332=CARTESIAN_POINT('',(66.5,0.399999999999999,5.4));
#2333=CARTESIAN_POINT('Ctrl Pts',(66.5,4.,9.));
#2334=CARTESIAN_POINT('Ctrl Pts',(66.5,3.18151255636445,9.));
#2335=CARTESIAN_POINT('Ctrl Pts',(66.5,1.83532167109663,8.54553956116125));
#2336=CARTESIAN_POINT('Ctrl Pts',(66.5,0.634506598959163,7.02538002389656));
#2337=CARTESIAN_POINT('Ctrl Pts',(66.5,0.399999999999999,5.94565685258652));
#2338=CARTESIAN_POINT('Ctrl Pts',(66.5,0.399999999999999,5.4));
#2339=CARTESIAN_POINT('Origin',(66.7,0.2,1.2));
#2340=CARTESIAN_POINT('',(66.5,0.4,4.9));
#2341=CARTESIAN_POINT('',(66.5,0.4,1.2));
#2342=CARTESIAN_POINT('',(66.5,0.4,4.9));
#2343=CARTESIAN_POINT('Origin',(64.,0.2,4.9));
#2344=CARTESIAN_POINT('',(64.,0.4,2.4));
#2345=CARTESIAN_POINT('Origin',(64.,0.4,4.9));
#2346=CARTESIAN_POINT('',(64.,0.4,2.4));
#2347=CARTESIAN_POINT('Origin',(17.375,0.2,2.2));
#2348=CARTESIAN_POINT('',(5.5,0.4,2.4));
#2349=CARTESIAN_POINT('',(17.375,0.4,2.4));
#2350=CARTESIAN_POINT('',(5.5,0.4,2.4));
#2351=CARTESIAN_POINT('Origin',(5.5,0.2,4.9));
#2352=CARTESIAN_POINT('',(3.,0.4,4.9));
#2353=CARTESIAN_POINT('Origin',(5.5,0.4,4.9));
#2354=CARTESIAN_POINT('',(3.,0.4,4.9));
#2355=CARTESIAN_POINT('Origin',(2.8,0.2,1.2));
#2356=CARTESIAN_POINT('',(3.,0.4,5.4));
#2357=CARTESIAN_POINT('',(3.,0.4,5.4));
#2358=CARTESIAN_POINT('',(3.,0.4,1.2));
#2359=CARTESIAN_POINT('Ctrl Pts',(2.6,1.73472347597681E-17,5.4));
#2360=CARTESIAN_POINT('Ctrl Pts',(2.6,2.43166610855182E-16,6.30400005158786));
#2361=CARTESIAN_POINT('Ctrl Pts',(2.6,0.50318920546997,7.80167792273409));
#2362=CARTESIAN_POINT('Ctrl Pts',(2.6,2.19966886889651,9.14115149951761));
#2363=CARTESIAN_POINT('Ctrl Pts',(2.6,3.3973348928892,9.4));
#2364=CARTESIAN_POINT('Ctrl Pts',(2.6,4.,9.4));
#2365=CARTESIAN_POINT('Ctrl Pts',(2.73333333333334,0.133333333333333,5.4));
#2366=CARTESIAN_POINT('Ctrl Pts',(2.73333333333334,0.133333333333334,6.2754958489371));
#2367=CARTESIAN_POINT('Ctrl Pts',(2.73333333333334,0.620193220639321,7.72265467422218));
#2368=CARTESIAN_POINT('Ctrl Pts',(2.73333333333334,2.25797695706269,9.0159215900724));
#2369=CARTESIAN_POINT('Ctrl Pts',(2.73333333333334,3.4163376443973,9.26666666666667));
#2370=CARTESIAN_POINT('Ctrl Pts',(2.73333333333334,4.,9.26666666666667));
#2371=CARTESIAN_POINT('Ctrl Pts',(2.86666666666667,0.266666666666667,5.4));
#2372=CARTESIAN_POINT('Ctrl Pts',(2.86666666666667,0.266666666666667,6.24699164628634));
#2373=CARTESIAN_POINT('Ctrl Pts',(2.86666666666667,0.73719723580867,7.64363142571028));
#2374=CARTESIAN_POINT('Ctrl Pts',(2.86666666666667,2.31628504522887,8.89069168062718));
#2375=CARTESIAN_POINT('Ctrl Pts',(2.86666666666667,3.4353403959054,9.13333333333333));
#2376=CARTESIAN_POINT('Ctrl Pts',(2.86666666666667,4.,9.13333333333333));
#2377=CARTESIAN_POINT('Ctrl Pts',(3.,0.4,5.4));
#2378=CARTESIAN_POINT('Ctrl Pts',(3.,0.4,6.21848744363557));
#2379=CARTESIAN_POINT('Ctrl Pts',(3.,0.854201250978021,7.56460817719837));
#2380=CARTESIAN_POINT('Ctrl Pts',(3.,2.37459313339505,8.76546177118196));
#2381=CARTESIAN_POINT('Ctrl Pts',(3.,3.45434314741349,9.));
#2382=CARTESIAN_POINT('Ctrl Pts',(3.,4.,9.));
#2383=CARTESIAN_POINT('',(3.,4.,9.));
#2384=CARTESIAN_POINT('',(3.,4.,9.));
#2385=CARTESIAN_POINT('Ctrl Pts',(3.,0.4,5.4));
#2386=CARTESIAN_POINT('Ctrl Pts',(3.,0.4,6.21848744363557));
#2387=CARTESIAN_POINT('Ctrl Pts',(3.,0.854201250978021,7.56460817719837));
#2388=CARTESIAN_POINT('Ctrl Pts',(3.,2.37459313339505,8.76546177118196));
#2389=CARTESIAN_POINT('Ctrl Pts',(3.,3.45434314741349,9.));
#2390=CARTESIAN_POINT('Ctrl Pts',(3.,4.,9.));
#2391=CARTESIAN_POINT('Origin',(2.8,7.5,9.2));
#2392=CARTESIAN_POINT('',(3.,26.,9.));
#2393=CARTESIAN_POINT('',(3.,26.,9.));
#2394=CARTESIAN_POINT('',(3.,7.5,9.));
#2395=CARTESIAN_POINT('Ctrl Pts',(2.6,26.,9.4));
#2396=CARTESIAN_POINT('Ctrl Pts',(2.6,26.9040000515878,9.4));
#2397=CARTESIAN_POINT('Ctrl Pts',(2.6,28.40177384347,8.89658513108607));
#2398=CARTESIAN_POINT('Ctrl Pts',(2.6,29.7411950391153,7.20030998067168));
#2399=CARTESIAN_POINT('Ctrl Pts',(2.6,30.,6.00266510711079));
#2400=CARTESIAN_POINT('Ctrl Pts',(2.6,30.,5.4));
#2401=CARTESIAN_POINT('Ctrl Pts',(2.73333333333334,26.,9.26666666666667));
#2402=CARTESIAN_POINT('Ctrl Pts',(2.73333333333334,26.8754958489371,9.26666666666667));
#2403=CARTESIAN_POINT('Ctrl Pts',(2.73333333333334,28.3227348989195,8.77959545514025));
#2404=CARTESIAN_POINT('Ctrl Pts',(2.73333333333334,29.6159577686426,7.14200398705373));
#2405=CARTESIAN_POINT('Ctrl Pts',(2.73333333333333,29.8666666666667,5.98366235560269));
#2406=CARTESIAN_POINT('Ctrl Pts',(2.73333333333333,29.8666666666667,5.4));
#2407=CARTESIAN_POINT('Ctrl Pts',(2.86666666666667,26.,9.13333333333333));
#2408=CARTESIAN_POINT('Ctrl Pts',(2.86666666666667,26.8469916462864,9.13333333333333));
#2409=CARTESIAN_POINT('Ctrl Pts',(2.86666666666667,28.243695954369,8.66260577919443));
#2410=CARTESIAN_POINT('Ctrl Pts',(2.86666666666667,29.4907204981699,7.08369799343579));
#2411=CARTESIAN_POINT('Ctrl Pts',(2.86666666666667,29.7333333333333,5.9646596040946));
#2412=CARTESIAN_POINT('Ctrl Pts',(2.86666666666667,29.7333333333333,5.4));
#2413=CARTESIAN_POINT('Ctrl Pts',(3.,26.,9.));
#2414=CARTESIAN_POINT('Ctrl Pts',(3.,26.8184874436356,9.));
#2415=CARTESIAN_POINT('Ctrl Pts',(3.,28.1646570098185,8.54561610324861));
#2416=CARTESIAN_POINT('Ctrl Pts',(3.,29.3654832276973,7.02539199981784));
#2417=CARTESIAN_POINT('Ctrl Pts',(3.,29.6,5.94565685258651));
#2418=CARTESIAN_POINT('Ctrl Pts',(3.,29.6,5.4));
#2419=CARTESIAN_POINT('',(3.,29.6,5.4));
#2420=CARTESIAN_POINT('',(3.,29.6,5.4));
#2421=CARTESIAN_POINT('Ctrl Pts',(3.,26.,9.));
#2422=CARTESIAN_POINT('Ctrl Pts',(3.,26.8184874436356,9.));
#2423=CARTESIAN_POINT('Ctrl Pts',(3.,28.1646570098185,8.54561610324861));
#2424=CARTESIAN_POINT('Ctrl Pts',(3.,29.3654832276973,7.02539199981784));
#2425=CARTESIAN_POINT('Ctrl Pts',(3.,29.6,5.94565685258651));
#2426=CARTESIAN_POINT('Ctrl Pts',(3.,29.6,5.4));
#2427=CARTESIAN_POINT('Origin',(2.8,29.8,1.2));
#2428=CARTESIAN_POINT('',(3.,29.6,4.9));
#2429=CARTESIAN_POINT('',(3.,29.6,1.2));
#2430=CARTESIAN_POINT('',(3.,29.6,4.9));
#2431=CARTESIAN_POINT('Origin',(5.5,29.8,4.9));
#2432=CARTESIAN_POINT('',(5.5,29.6,2.4));
#2433=CARTESIAN_POINT('Origin',(5.5,29.6,4.9));
#2434=CARTESIAN_POINT('',(5.5,29.6,2.4));
#2435=CARTESIAN_POINT('Origin',(52.125,29.8,2.2));
#2436=CARTESIAN_POINT('',(64.,29.6,2.4));
#2437=CARTESIAN_POINT('',(52.125,29.6,2.4));
#2438=CARTESIAN_POINT('',(64.,29.6,2.4));
#2439=CARTESIAN_POINT('Origin',(64.,29.8,4.9));
#2440=CARTESIAN_POINT('',(66.5,29.6,4.9));
#2441=CARTESIAN_POINT('Origin',(64.,29.6,4.9));
#2442=CARTESIAN_POINT('',(66.5,29.6,4.9));
#2443=CARTESIAN_POINT('Origin',(66.7,29.8,1.2));
#2444=CARTESIAN_POINT('',(66.5,29.6,5.4));
#2445=CARTESIAN_POINT('',(66.5,29.6,5.4));
#2446=CARTESIAN_POINT('',(66.5,29.6,1.2));
#2447=CARTESIAN_POINT('Ctrl Pts',(66.9,30.,5.4));
#2448=CARTESIAN_POINT('Ctrl Pts',(66.9,30.,6.30400005158786));
#2449=CARTESIAN_POINT('Ctrl Pts',(66.9,29.4964677566314,7.80182596473182));
#2450=CARTESIAN_POINT('Ctrl Pts',(66.9,27.800289698366,9.14122067751665));
#2451=CARTESIAN_POINT('Ctrl Pts',(66.9,26.6026651071108,9.4));
#2452=CARTESIAN_POINT('Ctrl Pts',(66.9,26.,9.4));
#2453=CARTESIAN_POINT('Ctrl Pts',(66.7666666666667,29.8666666666667,5.4));
#2454=CARTESIAN_POINT('Ctrl Pts',(66.7666666666667,29.8666666666667,6.27549584893713));
#2455=CARTESIAN_POINT('Ctrl Pts',(66.7666666666667,29.3794855874005,7.72277847603362));
#2456=CARTESIAN_POINT('Ctrl Pts',(66.7666666666666,27.7419853632407,9.01597909525145));
#2457=CARTESIAN_POINT('Ctrl Pts',(66.7666666666667,26.5836623556027,9.26666666666667));
#2458=CARTESIAN_POINT('Ctrl Pts',(66.7666666666667,26.,9.26666666666667));
#2459=CARTESIAN_POINT('Ctrl Pts',(66.6333333333333,29.7333333333333,5.4));
#2460=CARTESIAN_POINT('Ctrl Pts',(66.6333333333333,29.7333333333333,6.24699164628639));
#2461=CARTESIAN_POINT('Ctrl Pts',(66.6333333333333,29.2625034181696,7.64373098733543));
#2462=CARTESIAN_POINT('Ctrl Pts',(66.6333333333333,27.6836810281155,8.89073751298626));
#2463=CARTESIAN_POINT('Ctrl Pts',(66.6333333333333,26.5646596040946,9.13333333333333));
#2464=CARTESIAN_POINT('Ctrl Pts',(66.6333333333333,26.,9.13333333333333));
#2465=CARTESIAN_POINT('Ctrl Pts',(66.5,29.6,5.4));
#2466=CARTESIAN_POINT('Ctrl Pts',(66.5,29.6,6.21848744363566));
#2467=CARTESIAN_POINT('Ctrl Pts',(66.5,29.1455212489387,7.56468349863724));
#2468=CARTESIAN_POINT('Ctrl Pts',(66.5,27.6253766929903,8.76549593072106));
#2469=CARTESIAN_POINT('Ctrl Pts',(66.5,26.5456568525865,9.));
#2470=CARTESIAN_POINT('Ctrl Pts',(66.5,26.,9.));
#2471=CARTESIAN_POINT('Ctrl Pts',(66.5,29.6,5.4));
#2472=CARTESIAN_POINT('Ctrl Pts',(66.5,29.6,6.21848744363566));
#2473=CARTESIAN_POINT('Ctrl Pts',(66.5,29.1455212489387,7.56468349863724));
#2474=CARTESIAN_POINT('Ctrl Pts',(66.5,27.6253766929903,8.76549593072106));
#2475=CARTESIAN_POINT('Ctrl Pts',(66.5,26.5456568525865,9.));
#2476=CARTESIAN_POINT('Ctrl Pts',(66.5,26.,9.));
#2477=CARTESIAN_POINT('Origin',(5.5,7.5,4.9));
#2478=CARTESIAN_POINT('',(5.5,7.5,2.4));
#2479=CARTESIAN_POINT('',(3.,25.8660254037844,4.9));
#2480=CARTESIAN_POINT('',(3.,7.5,4.9));
#2481=CARTESIAN_POINT('',(3.,24.1339745962156,4.9));
#2482=CARTESIAN_POINT('Ctrl Pts',(3.,25.8660254037844,4.9));
#2483=CARTESIAN_POINT('Ctrl Pts',(3.,25.768193678323,4.82297749132209));
#2484=CARTESIAN_POINT('Ctrl Pts',(3.00359195938463,25.6571521007533,4.75723936561892));
#2485=CARTESIAN_POINT('Ctrl Pts',(3.01295248898532,25.3659669460059,4.63568407225897));
#2486=CARTESIAN_POINT('Ctrl Pts',(3.01806527080183,25.1772153068529,4.6));
#2487=CARTESIAN_POINT('Ctrl Pts',(3.01806527080183,24.8227846931471,4.6));
#2488=CARTESIAN_POINT('Ctrl Pts',(3.01295248898532,24.6340330539941,4.63568407225898));
#2489=CARTESIAN_POINT('Ctrl Pts',(3.00359195938463,24.3428478992466,4.75723936561892));
#2490=CARTESIAN_POINT('Ctrl Pts',(3.,24.231806321677,4.82297749132209));
#2491=CARTESIAN_POINT('Ctrl Pts',(3.,24.1339745962156,4.9));
#2492=CARTESIAN_POINT('',(3.,5.06602540378443,4.9));
#2493=CARTESIAN_POINT('',(3.,7.5,4.9));
#2494=CARTESIAN_POINT('',(3.,3.33397459621556,4.9));
#2495=CARTESIAN_POINT('Ctrl Pts',(3.,5.06602540378443,4.9));
#2496=CARTESIAN_POINT('Ctrl Pts',(3.,4.96819367832296,4.82297749132209));
#2497=CARTESIAN_POINT('Ctrl Pts',(3.00359195938463,4.85715210075334,4.75723936561892));
#2498=CARTESIAN_POINT('Ctrl Pts',(3.01295248898532,4.56596694600592,4.63568407225897));
#2499=CARTESIAN_POINT('Ctrl Pts',(3.01806527080183,4.37721530685285,4.6));
#2500=CARTESIAN_POINT('Ctrl Pts',(3.01806527080183,4.02278469314714,4.6));
#2501=CARTESIAN_POINT('Ctrl Pts',(3.01295248898532,3.83403305399408,4.63568407225897));
#2502=CARTESIAN_POINT('Ctrl Pts',(3.00359195938463,3.54284789924665,4.75723936561892));
#2503=CARTESIAN_POINT('Ctrl Pts',(3.,3.43180632167703,4.82297749132209));
#2504=CARTESIAN_POINT('Ctrl Pts',(3.,3.33397459621556,4.9));
#2505=CARTESIAN_POINT('',(3.,7.5,4.9));
#2506=CARTESIAN_POINT('Origin',(34.75,15.,2.4));
#2507=CARTESIAN_POINT('',(64.,22.5,2.4));
#2508=CARTESIAN_POINT('',(57.35,26.75,2.4));
#2509=CARTESIAN_POINT('',(57.35,21.25,2.4));
#2510=CARTESIAN_POINT('',(57.35,17.75,2.4));
#2511=CARTESIAN_POINT('',(58.5,27.9,2.4));
#2512=CARTESIAN_POINT('Origin',(58.5,26.75,2.4));
#2513=CARTESIAN_POINT('',(60.,27.9,2.4));
#2514=CARTESIAN_POINT('',(46.25,27.9,2.4));
#2515=CARTESIAN_POINT('',(61.15,26.75,2.4));
#2516=CARTESIAN_POINT('Origin',(60.,26.75,2.4));
#2517=CARTESIAN_POINT('',(61.15,21.25,2.4));
#2518=CARTESIAN_POINT('',(61.15,21.25,2.4));
#2519=CARTESIAN_POINT('',(60.,20.1,2.4));
#2520=CARTESIAN_POINT('Origin',(60.,21.25,2.4));
#2521=CARTESIAN_POINT('',(58.5,20.1,2.4));
#2522=CARTESIAN_POINT('',(47.75,20.1,2.4));
#2523=CARTESIAN_POINT('Origin',(58.5,21.25,2.4));
#2524=CARTESIAN_POINT('',(16.95,25.,2.4));
#2525=CARTESIAN_POINT('Origin',(15.25,25.,2.4));
#2526=CARTESIAN_POINT('',(55.95,25.,2.4));
#2527=CARTESIAN_POINT('Origin',(54.25,25.,2.4));
#2528=CARTESIAN_POINT('Origin',(64.,22.5,4.9));
#2529=CARTESIAN_POINT('',(66.5,3.33397459621556,4.9));
#2530=CARTESIAN_POINT('',(66.5,22.5,4.9));
#2531=CARTESIAN_POINT('',(66.5,5.06602540378443,4.9));
#2532=CARTESIAN_POINT('Ctrl Pts',(66.5,3.33397459621556,4.9));
#2533=CARTESIAN_POINT('Ctrl Pts',(66.5,3.43269632708243,4.8222767937852));
#2534=CARTESIAN_POINT('Ctrl Pts',(66.4963393673331,3.54497983069156,4.75597897517933));
#2535=CARTESIAN_POINT('Ctrl Pts',(66.4869666722904,3.8365540792622,4.6351809552597));
#2536=CARTESIAN_POINT('Ctrl Pts',(66.4819347291982,4.02404941634576,4.6));
#2537=CARTESIAN_POINT('Ctrl Pts',(66.4819347291982,4.37721530685285,4.6));
#2538=CARTESIAN_POINT('Ctrl Pts',(66.4870475110147,4.56596694600592,4.63568407225898));
#2539=CARTESIAN_POINT('Ctrl Pts',(66.4964080406154,4.85715210075334,4.75723936561892));
#2540=CARTESIAN_POINT('Ctrl Pts',(66.5,4.96819367832296,4.82297749132209));
#2541=CARTESIAN_POINT('Ctrl Pts',(66.5,5.06602540378443,4.9));
#2542=CARTESIAN_POINT('',(66.5,24.1339745962156,4.9));
#2543=CARTESIAN_POINT('',(66.5,22.5,4.9));
#2544=CARTESIAN_POINT('',(66.5,25.8660254037844,4.9));
#2545=CARTESIAN_POINT('Ctrl Pts',(66.5,24.1339745962156,4.9));
#2546=CARTESIAN_POINT('Ctrl Pts',(66.5,24.231806321677,4.82297749132209));
#2547=CARTESIAN_POINT('Ctrl Pts',(66.4964080406154,24.3428478992467,4.75723936561892));
#2548=CARTESIAN_POINT('Ctrl Pts',(66.4870475110147,24.6340330539941,4.63568407225897));
#2549=CARTESIAN_POINT('Ctrl Pts',(66.4819347291982,24.8227846931471,4.6));
#2550=CARTESIAN_POINT('Ctrl Pts',(66.4819347291982,25.1772153068529,4.6));
#2551=CARTESIAN_POINT('Ctrl Pts',(66.4870475110147,25.3659669460059,4.63568407225897));
#2552=CARTESIAN_POINT('Ctrl Pts',(66.4964080406154,25.6571521007533,4.75723936561892));
#2553=CARTESIAN_POINT('Ctrl Pts',(66.5,25.768193678323,4.82297749132209));
#2554=CARTESIAN_POINT('Ctrl Pts',(66.5,25.8660254037844,4.9));
#2555=CARTESIAN_POINT('',(66.5,22.5,4.9));
#2556=CARTESIAN_POINT('Origin',(66.5,30.,2.4));
#2557=CARTESIAN_POINT('',(66.5,26.4,6.));
#2558=CARTESIAN_POINT('Origin',(66.5,25.,6.));
#2559=CARTESIAN_POINT('Origin',(66.5,25.,6.));
#2560=CARTESIAN_POINT('',(66.5,5.6,6.));
#2561=CARTESIAN_POINT('Origin',(66.5,4.2,6.));
#2562=CARTESIAN_POINT('Origin',(66.5,4.2,6.));
#2563=CARTESIAN_POINT('Origin',(3.,0.,2.4));
#2564=CARTESIAN_POINT('',(3.,5.6,6.));
#2565=CARTESIAN_POINT('Origin',(3.,4.2,6.));
#2566=CARTESIAN_POINT('Origin',(3.,4.2,6.));
#2567=CARTESIAN_POINT('',(3.,26.4,6.));
#2568=CARTESIAN_POINT('Origin',(3.,25.,6.));
#2569=CARTESIAN_POINT('Origin',(3.,25.,6.));
#2570=CARTESIAN_POINT('Ctrl Pts',(60.,21.1,0.8));
#2571=CARTESIAN_POINT('Ctrl Pts',(60.15,21.1,0.8));
#2572=CARTESIAN_POINT('Ctrl Pts',(60.15,21.25,0.8));
#2573=CARTESIAN_POINT('Ctrl Pts',(60.,20.5,0.799999999999996));
#2574=CARTESIAN_POINT('Ctrl Pts',(60.75,20.5,0.799999999999996));
#2575=CARTESIAN_POINT('Ctrl Pts',(60.75,21.25,0.799999999999996));
#2576=CARTESIAN_POINT('Ctrl Pts',(60.,20.5,1.4));
#2577=CARTESIAN_POINT('Ctrl Pts',(60.75,20.5,1.4));
#2578=CARTESIAN_POINT('Ctrl Pts',(60.75,21.25,1.4));
#2579=CARTESIAN_POINT('',(60.,21.1,0.8));
#2580=CARTESIAN_POINT('',(60.,20.5,1.4));
#2581=CARTESIAN_POINT('Origin',(60.,21.1,1.4));
#2582=CARTESIAN_POINT('',(60.75,21.25,1.4));
#2583=CARTESIAN_POINT('Origin',(60.,21.25,1.4));
#2584=CARTESIAN_POINT('',(60.15,21.25,0.8));
#2585=CARTESIAN_POINT('Origin',(60.15,21.25,1.4));
#2586=CARTESIAN_POINT('Origin',(60.,21.25,0.8));
#2587=CARTESIAN_POINT('Origin',(60.15,25.75,1.4));
#2588=CARTESIAN_POINT('',(60.75,26.75,1.4));
#2589=CARTESIAN_POINT('',(60.15,26.75,0.8));
#2590=CARTESIAN_POINT('Origin',(60.15,26.75,1.4));
#2591=CARTESIAN_POINT('',(60.15,25.75,0.8));
#2592=CARTESIAN_POINT('',(60.75,25.75,1.4));
#2593=CARTESIAN_POINT('Ctrl Pts',(60.15,26.75,0.8));
#2594=CARTESIAN_POINT('Ctrl Pts',(60.15,26.9,0.8));
#2595=CARTESIAN_POINT('Ctrl Pts',(60.,26.9,0.8));
#2596=CARTESIAN_POINT('Ctrl Pts',(60.75,26.75,0.799999999999987));
#2597=CARTESIAN_POINT('Ctrl Pts',(60.75,27.5,0.799999999999987));
#2598=CARTESIAN_POINT('Ctrl Pts',(60.,27.5,0.799999999999987));
#2599=CARTESIAN_POINT('Ctrl Pts',(60.75,26.75,1.4));
#2600=CARTESIAN_POINT('Ctrl Pts',(60.75,27.5,1.4));
#2601=CARTESIAN_POINT('Ctrl Pts',(60.,27.5,1.4));
#2602=CARTESIAN_POINT('',(60.,27.5,1.4));
#2603=CARTESIAN_POINT('',(60.,26.9,0.8));
#2604=CARTESIAN_POINT('Origin',(60.,26.9,1.4));
#2605=CARTESIAN_POINT('Origin',(60.,26.75,0.8));
#2606=CARTESIAN_POINT('Origin',(60.,26.75,1.4));
#2607=CARTESIAN_POINT('Origin',(58.5,26.9,1.4));
#2608=CARTESIAN_POINT('',(58.5,27.5,1.4));
#2609=CARTESIAN_POINT('',(58.5,26.9,0.8));
#2610=CARTESIAN_POINT('Origin',(58.5,26.9,1.4));
#2611=CARTESIAN_POINT('',(58.5,26.9,0.8));
#2612=CARTESIAN_POINT('',(58.5,27.5,1.4));
#2613=CARTESIAN_POINT('Ctrl Pts',(58.5,26.9,0.8));
#2614=CARTESIAN_POINT('Ctrl Pts',(58.35,26.9,0.8));
#2615=CARTESIAN_POINT('Ctrl Pts',(58.35,26.75,0.8));
#2616=CARTESIAN_POINT('Ctrl Pts',(58.5,27.5,0.799999999999996));
#2617=CARTESIAN_POINT('Ctrl Pts',(57.75,27.5,0.799999999999996));
#2618=CARTESIAN_POINT('Ctrl Pts',(57.75,26.75,0.799999999999996));
#2619=CARTESIAN_POINT('Ctrl Pts',(58.5,27.5,1.4));
#2620=CARTESIAN_POINT('Ctrl Pts',(57.75,27.5,1.4));
#2621=CARTESIAN_POINT('Ctrl Pts',(57.75,26.75,1.4));
#2622=CARTESIAN_POINT('',(57.75,26.75,1.4));
#2623=CARTESIAN_POINT('',(58.35,26.75,0.8));
#2624=CARTESIAN_POINT('Origin',(58.35,26.75,1.4));
#2625=CARTESIAN_POINT('Origin',(58.5,26.75,0.8));
#2626=CARTESIAN_POINT('Origin',(58.5,26.75,1.4));
#2627=CARTESIAN_POINT('Origin',(58.35,22.25,1.4));
#2628=CARTESIAN_POINT('',(57.75,21.25,1.4));
#2629=CARTESIAN_POINT('',(58.35,21.25,0.8));
#2630=CARTESIAN_POINT('Origin',(58.35,21.25,1.4));
#2631=CARTESIAN_POINT('',(58.35,22.25,0.8));
#2632=CARTESIAN_POINT('',(57.75,22.25,1.4));
#2633=CARTESIAN_POINT('Ctrl Pts',(58.35,21.25,0.8));
#2634=CARTESIAN_POINT('Ctrl Pts',(58.35,21.1,0.8));
#2635=CARTESIAN_POINT('Ctrl Pts',(58.5,21.1,0.8));
#2636=CARTESIAN_POINT('Ctrl Pts',(57.75,21.25,0.799999999999987));
#2637=CARTESIAN_POINT('Ctrl Pts',(57.75,20.5,0.799999999999987));
#2638=CARTESIAN_POINT('Ctrl Pts',(58.5,20.5,0.799999999999987));
#2639=CARTESIAN_POINT('Ctrl Pts',(57.75,21.25,1.4));
#2640=CARTESIAN_POINT('Ctrl Pts',(57.75,20.5,1.4));
#2641=CARTESIAN_POINT('Ctrl Pts',(58.5,20.5,1.4));
#2642=CARTESIAN_POINT('',(58.5,20.5,1.4));
#2643=CARTESIAN_POINT('',(58.5,21.1,0.8));
#2644=CARTESIAN_POINT('Origin',(58.5,21.1,1.4));
#2645=CARTESIAN_POINT('Origin',(58.5,21.25,0.8));
#2646=CARTESIAN_POINT('Origin',(58.5,21.25,1.4));
#2647=CARTESIAN_POINT('Origin',(60.,21.1,1.4));
#2648=CARTESIAN_POINT('',(60.,20.5,1.4));
#2649=CARTESIAN_POINT('',(60.,21.1,0.8));
#2650=CARTESIAN_POINT('Origin',(57.75,27.5,2.4));
#2651=CARTESIAN_POINT('',(60.,27.5,2.));
#2652=CARTESIAN_POINT('',(60.,27.5,2.4));
#2653=CARTESIAN_POINT('',(58.5,27.5,2.));
#2654=CARTESIAN_POINT('',(46.25,27.5,2.));
#2655=CARTESIAN_POINT('',(58.5,27.5,2.4));
#2656=CARTESIAN_POINT('Origin',(60.,26.75,2.4));
#2657=CARTESIAN_POINT('',(60.75,26.75,2.));
#2658=CARTESIAN_POINT('',(60.75,26.75,2.4));
#2659=CARTESIAN_POINT('Origin',(60.,26.75,2.));
#2660=CARTESIAN_POINT('Origin',(60.75,27.5,2.4));
#2661=CARTESIAN_POINT('',(60.75,21.25,2.));
#2662=CARTESIAN_POINT('',(60.75,21.25,2.4));
#2663=CARTESIAN_POINT('',(60.75,21.25,2.));
#2664=CARTESIAN_POINT('Origin',(60.,21.25,2.4));
#2665=CARTESIAN_POINT('',(60.,20.5,2.));
#2666=CARTESIAN_POINT('',(60.,20.5,2.4));
#2667=CARTESIAN_POINT('Origin',(60.,21.25,2.));
#2668=CARTESIAN_POINT('Origin',(59.25,24.,0.8));
#2669=CARTESIAN_POINT('Origin',(57.55,17.75,2.2));
#2670=CARTESIAN_POINT('',(57.75,26.75,2.));
#2671=CARTESIAN_POINT('',(57.75,26.75,2.));
#2672=CARTESIAN_POINT('',(57.75,21.25,2.));
#2673=CARTESIAN_POINT('',(57.35,21.25,2.4));
#2674=CARTESIAN_POINT('',(57.75,17.75,2.));
#2675=CARTESIAN_POINT('Origin',(58.5,26.75,2.2));
#2676=CARTESIAN_POINT('Origin',(58.5,26.75,2.));
#2677=CARTESIAN_POINT('',(58.5,27.5,2.));
#2678=CARTESIAN_POINT('Origin',(46.25,27.7,2.2));
#2679=CARTESIAN_POINT('',(60.,27.5,2.));
#2680=CARTESIAN_POINT('Origin',(60.,26.75,2.2));
#2681=CARTESIAN_POINT('',(60.75,26.75,2.));
#2682=CARTESIAN_POINT('Origin',(60.95,21.25,2.2));
#2683=CARTESIAN_POINT('',(60.75,21.25,2.));
#2684=CARTESIAN_POINT('Origin',(60.,21.25,2.2));
#2685=CARTESIAN_POINT('',(60.,20.5,2.));
#2686=CARTESIAN_POINT('Origin',(47.75,20.3,2.2));
#2687=CARTESIAN_POINT('',(58.5,20.5,2.));
#2688=CARTESIAN_POINT('',(58.5,20.5,2.));
#2689=CARTESIAN_POINT('',(47.75,20.5,2.));
#2690=CARTESIAN_POINT('Origin',(58.5,21.25,2.2));
#2691=CARTESIAN_POINT('Origin',(58.5,21.25,2.));
#2692=CARTESIAN_POINT('Origin',(58.5,26.75,2.4));
#2693=CARTESIAN_POINT('',(57.75,26.75,2.4));
#2694=CARTESIAN_POINT('Origin',(57.75,20.5,2.4));
#2695=CARTESIAN_POINT('',(57.75,21.25,2.4));
#2696=CARTESIAN_POINT('Origin',(54.25,25.,2.2));
#2697=CARTESIAN_POINT('',(55.55,25.,2.));
#2698=CARTESIAN_POINT('',(55.75,25.,2.2));
#2699=CARTESIAN_POINT('Origin',(54.25,25.,2.));
#2700=CARTESIAN_POINT('Origin',(54.25,25.,2.4));
#2701=CARTESIAN_POINT('',(55.55,25.,0.4));
#2702=CARTESIAN_POINT('',(55.55,25.,2.4));
#2703=CARTESIAN_POINT('Origin',(54.25,25.,0.4));
#2704=CARTESIAN_POINT('Origin',(15.25,25.,2.2));
#2705=CARTESIAN_POINT('',(16.55,25.,2.));
#2706=CARTESIAN_POINT('',(16.75,25.,2.2));
#2707=CARTESIAN_POINT('Origin',(15.25,25.,2.));
#2708=CARTESIAN_POINT('Origin',(15.25,25.,2.4));
#2709=CARTESIAN_POINT('',(16.55,25.,0.4));
#2710=CARTESIAN_POINT('',(16.55,25.,2.4));
#2711=CARTESIAN_POINT('Origin',(15.25,25.,0.4));
#2712=CARTESIAN_POINT('Origin',(15.25,25.,0.2));
#2713=CARTESIAN_POINT('',(16.95,25.,0.));
#2714=CARTESIAN_POINT('Origin',(15.25,25.,0.));
#2715=CARTESIAN_POINT('',(16.75,25.,0.2));
#2716=CARTESIAN_POINT('Origin',(34.75,15.,0.));
#2717=CARTESIAN_POINT('',(69.1,7.5,0.));
#2718=CARTESIAN_POINT('',(0.4,22.5,0.));
#2719=CARTESIAN_POINT('',(55.95,25.,0.));
#2720=CARTESIAN_POINT('Origin',(54.25,25.,0.));
#2721=CARTESIAN_POINT('Origin',(54.25,25.,0.2));
#2722=CARTESIAN_POINT('',(55.75,25.,0.2));
#2723=CARTESIAN_POINT('Origin',(0.2,22.5,0.2));
#2724=CARTESIAN_POINT('',(0.,22.5,0.4));
#2725=CARTESIAN_POINT('Origin',(69.3,7.5,0.2));
#2726=CARTESIAN_POINT('',(69.5,7.5,0.4));
#2727=CARTESIAN_POINT('Origin',(69.5,-1.65629975217302E-31,0.));
#2728=CARTESIAN_POINT('',(69.5,5.6,6.));
#2729=CARTESIAN_POINT('Origin',(69.5,4.2,6.));
#2730=CARTESIAN_POINT('',(69.5,26.4,6.));
#2731=CARTESIAN_POINT('Origin',(69.5,25.,6.));
#2732=CARTESIAN_POINT('Origin',(58.5,21.25,2.4));
#2733=CARTESIAN_POINT('',(58.5,20.5,2.4));
#2734=CARTESIAN_POINT('Origin',(60.75,20.5,2.4));
#2735=CARTESIAN_POINT('Origin',(0.,25.,6.));
#2736=CARTESIAN_POINT('',(0.,26.4,6.));
#2737=CARTESIAN_POINT('Origin',(0.,25.,6.));
#2738=CARTESIAN_POINT('',(0.,26.4,6.));
#2739=CARTESIAN_POINT('Origin',(0.,25.,6.));
#2740=CARTESIAN_POINT('',(0.,26.4,6.));
#2741=CARTESIAN_POINT('Origin',(0.,4.2,6.));
#2742=CARTESIAN_POINT('',(0.,5.6,6.));
#2743=CARTESIAN_POINT('Origin',(0.,4.2,6.));
#2744=CARTESIAN_POINT('',(0.,5.6,6.));
#2745=CARTESIAN_POINT('Origin',(0.,4.2,6.));
#2746=CARTESIAN_POINT('',(0.,5.6,6.));
#2747=CARTESIAN_POINT('Origin',(0.,30.,0.));
#2748=UNCERTAINTY_MEASURE_WITH_UNIT(LENGTH_MEASURE(0.01),#2752,
'DISTANCE_ACCURACY_VALUE',
'Maximum model space distance between geometric entities at asserted c
onnectivities');
#2749=UNCERTAINTY_MEASURE_WITH_UNIT(LENGTH_MEASURE(0.01),#2752,
'DISTANCE_ACCURACY_VALUE',
'Maximum model space distance between geometric entities at asserted c
onnectivities');
#2750=(
GEOMETRIC_REPRESENTATION_CONTEXT(3)
GLOBAL_UNCERTAINTY_ASSIGNED_CONTEXT((#2748))
GLOBAL_UNIT_ASSIGNED_CONTEXT((#2752,#2754,#2755))
REPRESENTATION_CONTEXT('','3D')
);
#2751=(
GEOMETRIC_REPRESENTATION_CONTEXT(3)
GLOBAL_UNCERTAINTY_ASSIGNED_CONTEXT((#2749))
GLOBAL_UNIT_ASSIGNED_CONTEXT((#2752,#2754,#2755))
REPRESENTATION_CONTEXT('','3D')
);
#2752=(
LENGTH_UNIT()
NAMED_UNIT(*)
SI_UNIT(.MILLI.,.METRE.)
);
#2753=(
LENGTH_UNIT()
NAMED_UNIT(*)
SI_UNIT($,.METRE.)
);
#2754=(
NAMED_UNIT(*)
PLANE_ANGLE_UNIT()
SI_UNIT($,.RADIAN.)
);
#2755=(
NAMED_UNIT(*)
SI_UNIT($,.STERADIAN.)
SOLID_ANGLE_UNIT()
);
#2756=SHAPE_DEFINITION_REPRESENTATION(#2757,#2758);
#2757=PRODUCT_DEFINITION_SHAPE('',$,#2760);
#2758=SHAPE_REPRESENTATION('',(#1420),#2750);
#2759=PRODUCT_DEFINITION_CONTEXT('part definition',#2764,'design');
#2760=PRODUCT_DEFINITION('TLA704_CF_ADAPTER','TLA704_CF_ADAPTER v6',#2761,
#2759);
#2761=PRODUCT_DEFINITION_FORMATION('',$,#2766);
#2762=PRODUCT_RELATED_PRODUCT_CATEGORY('TLA704_CF_ADAPTER v6',
'TLA704_CF_ADAPTER v6',(#2766));
#2763=APPLICATION_PROTOCOL_DEFINITION('international standard',
'automotive_design',2009,#2764);
#2764=APPLICATION_CONTEXT(
'Core Data for Automotive Mechanical Design Process');
#2765=PRODUCT_CONTEXT('part definition',#2764,'mechanical');
#2766=PRODUCT('TLA704_CF_ADAPTER','TLA704_CF_ADAPTER v6',$,(#2765));
#2767=PRESENTATION_STYLE_ASSIGNMENT((#2768));
#2768=SURFACE_STYLE_USAGE(.BOTH.,#2769);
#2769=SURFACE_SIDE_STYLE('',(#2770));
#2770=SURFACE_STYLE_FILL_AREA(#2771);
#2771=FILL_AREA_STYLE('Steel - Satin',(#2772));
#2772=FILL_AREA_STYLE_COLOUR('Steel - Satin',#2773);
#2773=COLOUR_RGB('Steel - Satin',0.627450980392157,0.627450980392157,0.627450980392157);
ENDSEC;
END-ISO-10303-21;
